Date,Shed,Age,Mortality,Bird_Balance,Fresh_Eggs,Crack_Eggs,Leaker_Eggs,Jumbo_Tray,Production_Pct,Fresh_Tray,Bird_Weight,Tray_Weight
2025-10-27,Shed 2,,,,,,,,,,5954.171718750001,1902.967569444444
2025-10-27,Shed 3,,,,,,,,,,5826.453125,1865.0369444444445
2025-10-27,Shed 4,,,,,,,,,,5766.0884375000005,1885.4075
2025-06-22,Shed 1,47.4,7.0,21605.0,20400.0,10,5,2,,680.0,,
2025-06-22,Shed 2,45.2,6.0,21394.0,20340.0,30,5,3,,678.0,,
2025-06-22,Shed 3,52.2,10.0,21275.0,19410.0,40,20,1.6,,647.0,,
2025-06-22,Shed 4,49.7,6.0,21583.0,20070.0,90,30,2,,669.0,,
2025-06-23,Shed 1,47.5,8.0,21597.0,20400.0,30,3,2,,680.0,,
2025-06-23,Shed 2,45.3,5.0,21389.0,20280.0,25,10,3,,676.0,,
2025-06-23,Shed 3,52.3,4.0,21271.0,19260.0,60,4,1,,642.0,,
2025-06-23,Shed 4,50.1,8.0,21575.0,20610.0,30,30,2,,687.0,,
2025-06-24,Shed 1,47.6,6.0,21591.0,20400.0,18,7,4,94.48,680.0,,
2025-06-24,Shed 2,45.4,4.0,21385.0,20190.0,25,7,3,94.41,673.0,,
2025-06-24,Shed 3,52.4,7.0,21264.0,19230.0,60,7,1.4,90.43,641.0,,
2025-06-24,Shed 4,50.2,1.0,21574.0,20040.0,30,5,1,92.89,668.0,,
2025-06-25,Shed 1,47.7,7.0,21584.0,20340.0,19,4,4,94.24,678.0,,
2025-06-25,Shed 2,45.5,8.0,21377.0,20160.0,25,7,2,94.31,672.0,,
2025-06-25,Shed 3,52.5,8.0,21256.0,19140.0,27,6,2,90.05,638.0,,
2025-06-25,Shed 4,50.3,7.0,21567.0,20460.0,150,5,2,94.87,682.0,,
2025-06-26,Shed 1,48.1,7.0,21577.0,20400.0,18,2,2,94.55,680.0,,
2025-06-26,Shed 2,45.6,5.0,21372.0,20250.0,25,12,2,94.75,675.0,,
2025-06-26,Shed 3,52.6,3.0,21253.0,19140.0,60,5,1,90.06,638.0,,
2025-06-26,Shed 4,50.4,5.0,21562.0,20370.0,36,0,2,94.47,679.0,,
2025-06-27,Shed 1,48.2,5.0,21572.0,20400.0,27,3,3,94.57,680.0,,
2025-06-27,Shed 2,45.7,4.0,21368.0,20250.0,15,5,2,94.77,675.0,,
2025-06-27,Shed 3,52.7,3.0,21250.0,19050.0,35,5,6 eggs,89.65,635.0,,
2025-06-27,Shed 4,50.5,4.0,21558.0,20520.0,6,4,2,95.19,684.0,,
2025-06-28,Shed 1,48.3,6.0,21566.0,20400.0,24,6,2,94.59,680.0,,
2025-06-28,Shed 2,46.1,3.0,21365.0,20280.0,20,3,2,94.92,676.0,,
2025-06-28,Shed 3,53.1,4.0,21246.0,19020.0,20,4,1,89.52,634.0,,
2025-06-28,Shed 4,50.6,3.0,21555.0,19800.0,14,2,6 eggs,91.86,660.0,,
2025-06-29,Shed 1,48.4,3.0,21552.0,20250.0,18,2,3,93.96,675.0,,
2025-06-29,Shed 2,46.2,3.0,21348.0,20280.0,20,12,3,95.0,676.0,,
2025-06-29,Shed 3,53.2,10.0,21236.0,19380.0,0,6,1,91.26,646.0,,
2025-06-29,Shed 4,50.7,4.0,21551.0,19740.0,20,5,40 eggs,91.6,658.0,,
2025-06-30,Shed 1,48.5,6.0,21546.0,20250.0,12,3,2,93.98,675.0,,
2025-06-30,Shed 2,46.3,6.0,21342.0,20220.0,25,5,3,94.74,674.0,,
2025-06-30,Shed 3,53.3,5.0,21231.0,19230.0,5,2,1,90.58,641.0,,
2025-06-30,Shed 4,51.1,4.0,21547.0,19800.0,25,4,2,91.89,660.0,,
2025-01-07,Shed 1,48.6,4.0,21542.0,20250.0,24,6,2,94.0,675.0,,
2025-01-07,Shed 2,46.4,1.0,21341.0,20100.0,27,5,2,94.18,670.0,,
2025-01-07,Shed 3,53.4,7.0,21224.0,19110.0,0,0,20 p,90.04,637.0,,
2025-01-07,Shed 4,51.2,17.0,21530.0,20010.0,20,1,20 p,92.94,667.0,,
2025-02-07,Shed 1,48.7,1.0,21541.0,20250.0,13,8,2,94.01,675.0,,
2025-02-07,Shed 2,46.5,2.0,21339.0,20250.0,25,10,2,94.9,675.0,,
2025-02-07,Shed 3,53.5,5.0,21219.0,19050.0,24,1,1,89.78,635.0,,
2025-02-07,Shed 4,51.3,12.0,21518.0,20010.0,30,1,13 p,92.99,667.0,,
2025-03-07,Shed 1,49.1,5.0,21536.0,20250.0,14,4,1,94.03,675.0,,
2025-03-07,Shed 2,46.6,4.0,21335.0,20040.0,"2T,25P",5,2,93.93,668.0,,
2025-03-07,Shed 3,53.6,5.0,21214.0,19440.0,24,12,"1T, 20P",91.64,648.0,,
2025-03-07,Shed 4,51.4,13.0,21487.0,19410.0,60,6,"1T,8P",90.33,647.0,,
2025-04-07,Shed 1,49.2,6.0,21530.0,20340.0,14,4,2,94.47,678.0,,
2025-04-07,Shed 2,46.7,2.0,21333.0,20280.0,25,5,2,95.06,676.0,,
2025-04-07,Shed 3,53.7,8.0,21206.0,19110.0,15,3,1,90.12,637.0,,
2025-04-07,Shed 4,51.5,9.0,21470.0,19590.0,30,6,2,91.24,653.0,,
2025-05-07,Shed 1,49.3,12.0,21518.0,20340.0,23,7,3,94.53,678.0,,
2025-05-07,Shed 2,47.1,3.0,21330.0,20190.0,24,3,2,94.66,673.0,,
2025-05-07,Shed 3,54.1,3.0,21203.0,19320.0,5,3,1,91.12,644.0,,
2025-05-07,Shed 4,51.6,6.0,21464.0,19620.0,24,0,1+20,91.41,654.0,,
2025-06-07,Shed 1,49.4,8.0,21510.0,20220.0,24,6,3,94.0,674.0,,
2025-06-07,Shed 2,47.2,1.0,21329.0,19950.0,14,0,2,93.53,665.0,,
2025-06-07,Shed 3,54.2,7.0,21196.0,19200.0,20,3,1,90.58,640.0,,
2025-06-07,Shed 4,51.7,3.0,21456.0,19890.0,18,7,1,92.7,663.0,,
2025-06-20,Shed 2,,,,,1,1,3,3.0,1.0,,
2025-06-22,Shed 1,,,,,,1,3,3.0,1.0,,
2025-06-22,Shed 3,,,,,,,1,90.58,640.0,,
2025-06-22,Shed 1,,,,,,,3,3.0,1.0,,
2025-06-28,Shed 1,,,,,,,3,3.0,1.0,,
2025-06-28,Shed 3,49.5,7.0,,,,,,94.0,674.0,,
2025-06-28,Shed 2,47.3,10.0,,,,,,93.53,665.0,,
2025-06-28,Shed 1,54.3,4.0,,,,,,90.58,640.0,,
2025-06-28,Shed 1,52.1,4.0,,,,,,92.7,663.0,,
2025-06-28,Shed 3,,,,,,,,3.0,1.0,,
2025-05-07,Shed 3,,,,,,,,,1.0,,
2025-07-07,Shed 1,,,,,,,,,,5847.04219479739,
2025-07-07,Shed 1,49.5,7.0,21481.0,20310.0,19,4,3,94.55,677.0,5847.04219479739,
2025-07-07,Shed 2,47.3,10.0,21319.0,20160.0,24,6,2,94.56,672.0,6009.494142771291,
2025-07-07,Shed 3,54.3,4.0,21192.0,19200.0,15,2,1,90.6,640.0,5813.992568851363,
2025-07-07,Shed 4,52.1,4.0,21452.0,19890.0,30,6,1,92.72,663.0,5797.546490384616,
2025-08-07,Shed 1,49.6,8.0,21473.0,20160.0,12,5,2,93.89,672.0,5830.58328125,
2025-08-07,Shed 2,47.4,2.0,21302.0,19950.0,25,5,1,93.65,665.0,5954.171718750001,
2025-08-07,Shed 3,54.4,2.0,21190.0,19140.0,10,5,1,90.33,638.0,5826.453125,
2025-08-07,Shed 4,52.2,2.0,21450.0,19920.0,30,0,25p,92.87,664.0,5766.0884375000005,
2025-09-07,Shed 1,49.7,5.0,21468.0,20130.0,13,4,2,93.77,671.0,5830.58328125,1892.814861111111
2025-09-07,Shed 2,47.5,4.0,21298.0,19920.0,18,4,2,93.53,664.0,5954.171718750001,1908.0786458333332
2025-09-07,Shed 3,54.5,7.0,21157.0,19380.0,2,0,5p,91.6,646.0,5826.453125,1874.851840277778
2025-09-07,Shed 4,52.3,12.0,21438.0,19770.0,30,2,1,92.22,659.0,5766.0884375000005,1886.7037500000001
2025-10-07,Shed 1,50.1,5.0,21463.0,20160.0,13,5,2,93.93,672.0,5830.58328125,1896.2222222222222
2025-10-07,Shed 2,47.6,1.0,21287.0,19950.0,27,3,1,93.72,665.0,5954.171718750001,1902.967569444444
2025-10-07,Shed 3,54.6,4.0,21153.0,19230.0,14,0,1,90.91,641.0,5826.453125,1865.0369444444445
2025-10-07,Shed 4,52.4,9.0,21425.0,20400.0,34,7,1+5p,95.22,680.0,5766.0884375000005,1885.4075
2025-11-07,Shed 1,50.2,4.0,21444.0,20130.0,15,4,2,93.87,671.0,5830.58328125,1896.2222222222222
2025-11-07,Shed 2,47.7,3.0,21284.0,19590.0,32,2,2,92.04,653.0,5954.171718750001,1902.967569444444
2025-11-07,Shed 3,54.7,2.0,21151.0,19110.0,-,-,1,90.35,637.0,5826.453125,1865.0369444444445
2025-11-07,Shed 4,52.5,9.0,21415.0,19260.0,12,2,1+7p,89.94,642.0,5766.0884375000005,1885.4075
2025-12-07,Shed 1,50.3,5.0,21439.0,20100.0,18,3,1,93.75,670.0,5830.58328125,1896.2222222222222
2025-12-07,Shed 2,48.1,4.0,21280.0,20070.0,30,5,1,94.31,669.0,5954.171718750001,1902.967569444444
2025-12-07,Shed 3,55.1,3.0,21148.0,19560.0,12,4,1,92.49,652.0,5826.453125,1865.0369444444445
2025-12-07,Shed 4,52.6,0.0,21415.0,20430.0,10,3,2,95.4,681.0,5766.0884375000005,1885.4075
2025-07-13,Shed 1,50.4,6.0,21433.0,20100.0,15,5,2,93.78,670.0,5847.04219479739,
2025-07-13,Shed 2,48.2,5.0,21275.0,20100.0,13,4,1+12p,94.48,670.0,6009.494142771291,
2025-07-13,Shed 3,55.2,5.0,21143.0,19140.0,5,3,18p,90.53,638.0,5813.992568851363,
2025-07-13,Shed 4,52.7,5.0,21410.0,20190.0,16,4,1,94.3,673.0,5797.546490384616,
2025-07-14,Shed 1,50.5,10.0,21423.0,20100.0,16,6,2,93.82,670.0,5838.549310325092,
2025-07-14,Shed 2,48.3,0.0,21275.0,20130.0,26,4,2,94.62,671.0,5997.17768143315,
2025-07-14,Shed 3,55.3,8.0,21135.0,19590.0,10,2,1,92.69,653.0,5815.5578001351505,
2025-07-14,Shed 4,53.1,5.0,21404.0,19920.0,3,3,3,93.07,664.0,5789.08043956044,
2025-07-15,Shed 1,50.6,8.0,21395.0,20100.0,16,5,1,93.95,670.0,5838.549310325092,
2025-07-15,Shed 2,48.4,1.0,21274.0,20010.0,25,8,2,94.06,667.0,5997.17768143315,
2025-07-15,Shed 3,55.4,4.0,21115.0,19680.0,10,3,1+15p,93.2,656.0,5815.5578001351505,
2025-07-15,Shed 4,53.2,1.0,21401.0,20160.0,14,2,1+20p,94.2,672.0,5789.08043956044,
2025-07-16,Shed 1,50.7,5.0,21390.0,20100.0,15,3,1,93.97,670.0,5838.549310325092,
2025-07-16,Shed 2,48.5,6.0,21268.0,19860.0,27,6,1,93.38,662.0,5997.17768143315,
2025-07-16,Shed 3,55.5,2.0,21113.0,19020.0,5,3,24 p,90.09,634.0,5815.5578001351505,
2025-07-16,Shed 4,53.3,3.0,21398.0,20130.0,10 p,3,1,94.07,671.0,5789.08043956044,
2025-07-17,Shed 1,51.1,6.0,21384.0,20100.0,20,3,2,94.0,670.0,5838.549310325092,
2025-07-17,Shed 2,48.6,5.0,21263.0,20100.0,24,3,2,94.53,670.0,5997.17768143315,
2025-07-17,Shed 3,55.6,2.0,21111.0,19350.0,15,4,1,91.66,645.0,5815.5578001351505,
2025-07-17,Shed 4,53.4,2.0,21396.0,19920.0,3,1,14p,93.1,664.0,5789.08043956044,
2025-07-18,Shed 1,51.2,9.0,21375.0,20100.0,25,5,2,94.04,,5838.549310325092,
2025-07-18,Shed 2,48.7,4.0,21259.0,19890.0,25,5,2,93.56,,5997.17768143315,
2025-07-18,Shed 3,55.7,8.0,21103.0,19260.0,4,3,1,91.27,,5815.5578001351505,
2025-07-18,Shed 4,53.5,2.0,21394.0,20190.0,11,6,1,94.37,,5789.08043956044,
2025-07-19,Shed 1,51.3,3.0,21372.0,20100.0,17,3,2,94.05,,5838.549310325092,
2025-07-19,Shed 2,49.1,6.0,21253.0,19920.0,15,3,1+10p,93.73,,5997.17768143315,
2025-07-19,Shed 3,56.1,9.0,21094.0,19200.0,7,3,23p,91.02,,5815.5578001351505,
2025-07-19,Shed 4,53.6,9.0,21385.0,20040.0,28,5,0,93.71,,5789.08043956044,
2025-07-20,Shed 1,51.4,4.0,21368.0,20100.0,24,7,2,94.07,,5838.549310325092,
2025-07-20,Shed 2,49.2,4.0,21249.0,19860.0,20,5,2,93.46,,5997.17768143315,
2025-07-20,Shed 3,56.2,4.0,21090.0,19380.0,15,8,27 p,91.89,,5815.5578001351505,
2025-07-20,Shed 4,53.7,6.0,21379.0,20340.0,30 p,0,1,95.14,,5789.08043956044,
2025-07-21,Shed 1,51.5,5.0,21363.0,20010.0,15,5,2,93.67,,5856.022667410714,
2025-07-21,Shed 2,49.3,2.0,21247.0,19680.0,20,5,2,92.62,,6000.8522433035705,
2025-07-21,Shed 3,56.3,8.0,21082.0,19290.0,0,0,2 p,91.5,,5834.198415178571,
2025-07-21,Shed 4,54.1,6.0,21373.0,20130.0,11p,5,2,94.18,,5789.1926785714295,
2025-07-22,Shed 1,51.6,6.0,21357.0,20100.0,23,7,1,94.11,,5856.022667410714,
2025-07-22,Shed 2,49.4,5.0,21242.0,20010.0,27,2,2,94.2,,6000.8522433035705,
2025-07-22,Shed 3,56.4,3.0,21079.0,19260.0,18,12,1+18p,91.37,,5834.198415178571,
2025-07-22,Shed 4,54.2,4.0,21369.0,20070.0,6,5,1+4p,93.92,,5789.1926785714295,
2025-07-23,Shed 1,51.7,3.0,21354.0,20100.0,15,5,1,94.13,,5856.022667410714,
2025-07-23,Shed 2,49.5,3.0,21239.0,19920.0,7,0,2,93.79,,6000.8522433035705,
2025-07-23,Shed 3,56.5,2.0,21077.0,19380.0,9,4,1+10p,91.95,,5834.198415178571,
2025-07-23,Shed 4,54.3,1.0,21368.0,20100.0,5,8,1,94.07,,5789.1926785714295,
2025-07-24,Shed 1,52.1,5.0,21334.0,20100.0,15,7,2,94.22,,5856.022667410714,
2025-07-24,Shed 2,50.6,5.0,21215.0,19920.0,20,5,2,93.9,,6000.8522433035705,
2025-07-24,Shed 3,56.6,3.0,21051.0,19440.0,12,9,1+15 p,92.35,,5834.198415178571,
2025-07-24,Shed 4,54.4,6.0,21362.0,20130.0,6,2,1+23p,94.23,,5789.1926785714295,
2025-07-25,Shed 1,52.2,3.0,21331.0,20100.0,24,3,2,94.23,,5856.022667410714,
2025-07-25,Shed 2,50.7,3.0,21212.0,19920.0,18,7,2,93.91,,6000.8522433035705,
2025-07-25,Shed 3,56.7,9.0,21042.0,19380.0,8,6,27 P,92.1,,5834.198415178571,
2025-07-25,Shed 4,54.5,8.0,21354.0,20130.0,7,8,1+3P,94.27,,5789.1926785714295,
2025-07-26,Shed 1,52.3,3.0,21328.0,19980.0,15,4,1,93.68,,5856.022667410714,
2025-07-26,Shed 2,51.1,3.0,21209.0,19620.0,29,3,2,92.51,,6000.8522433035705,
2025-07-26,Shed 3,57.1,4.0,21038.0,19110.0,5,4,26 p,90.84,,5834.198415178571,
2025-07-26,Shed 4,54.6,6.0,21348.0,19860.0,16,6,2,93.03,,5789.1926785714295,
2025-07-27,Shed 1,52.4,2.0,21326.0,20040.0,16,5,1,93.97,,5856.022667410714,
2025-07-27,Shed 2,51.2,5.0,21204.0,19860.0,12,7,2,93.66,,6000.8522433035705,
2025-07-27,Shed 3,57.2,7.0,21031.0,18930.0,8,3,11 p,90.01,,5834.198415178571,
2025-07-27,Shed 4,54.7,6.0,21342.0,19890.0,11,8,1,93.2,,5789.1926785714295,
2025-07-28,Shed 1,52.5,5.0,21321.0,19860.0,20,10,1,93.15,,5830.58328125,
2025-07-28,Shed 2,51.3,8.0,21196.0,19680.0,7,3,8 p,92.85,,5954.171718750001,
2025-07-28,Shed 3,57.3,3.0,21028.0,19080.0,11,2,20 p,90.74,,5826.453125,
2025-07-28,Shed 4,55.1,3.0,21339.0,19980.0,23,7,1,93.63,,5766.0884375000005,
2025-07-29,Shed 1,52.6,5.0,21316.0,19980.0,17,6,1,93.73,,5830.58328125,
2025-07-29,Shed 2,51.4,10.0,21186.0,19620.0,18,12,10 p,92.61,,5954.171718750001,
2025-07-29,Shed 3,57.4,6.0,21022.0,18900.0,29,24,15 p,89.91,,5826.453125,
2025-07-29,Shed 4,55.2,8.0,21331.0,19650.0,28,10,1,92.12,,5766.0884375000005,
2025-07-30,Shed 1,52.7,3.0,21313.0,19980.0,16,13,1,93.75,,5830.58328125,
2025-07-30,Shed 2,51.5,3.0,21183.0,19290.0,26,7,1,91.06,,5954.171718750001,
2025-07-30,Shed 3,57.5,3.0,21019.0,18960.0,8,6,18 p,90.2,,5826.453125,
2025-07-30,Shed 4,55.3,3.0,21328.0,19830.0,24,6,1,92.98,,5766.0884375000005,
2025-07-31,Shed 1,53.1,9.0,21304.0,19920.0,17,15,2,93.5,,5830.58328125,
2025-07-31,Shed 2,51.6,5.0,21178.0,19470.0,16,5,1,91.94,,5954.171718750001,
2025-07-31,Shed 3,57.6,3.0,21016.0,18900.0,11,4,27 p,89.93,,5826.453125,
2025-07-31,Shed 4,55.4,4.0,21324.0,19650.0,14,5,1,92.15,,5766.0884375000005,
2025-01-08,Shed 1,53.2,5.0,21299.0,19620.0,17,9,1,92.12,,,
2025-01-08,Shed 2,51.7,3.0,21175.0,19440.0,26,4,1,91.81,,,
2025-01-08,Shed 3,57.7,2.0,21014.0,18810.0,15,8,20 p,89.51,,,
2025-01-08,Shed 4,55.5,4.0,21320.0,19530.0,11,5,1,91.6,,,
2025-02-08,Shed 1,53.3,5.0,21294.0,19620.0,15,3,1,92.14,,,
2025-02-08,Shed 2,52.1,3.0,21172.0,18930.0,9,5,1,89.41,,,
2025-02-08,Shed 3,58.1,2.0,21012.0,18570.0,15,5,1,88.38,,,
2025-02-08,Shed 4,55.6,4.0,21316.0,19440.0,11,8, 1 P,91.2,,,
2025-03-08,Shed 1,53.4,2.0,21292.0,19620.0,16,5,1,92.15,,,
2025-03-08,Shed 2,52.2,5.0,21167.0,19560.0,6,2,1,92.41,,,
2025-03-08,Shed 3,58.2,7.0,21005.0,19200.0,24,6,1,91.41,,,
2025-03-08,Shed 4,55.7,7.0,21309.0,19950.0,10,8,1,93.62,,,
2025-04-08,Shed 1,53.5,2.0,21290.0,19560.0,15,9,1,91.87,,,
2025-04-08,Shed 2,52.3,6.0,21161.0,19320.0,17,3,1,91.3,,,
2025-04-08,Shed 3,58.3,7.0,20998.0,19170.0,13,4,1,91.29,,,
2025-04-08,Shed 4,56.1,4.0,21305.0,19350.0,17,5,1,90.82,,,
2025-05-08,Shed 1,53.6,4.0,21286.0,19620.0,25,2,1,92.17,,,
2025-05-08,Shed 2,52.4,0.0,21161.0,19170.0,8,2,1+8P,90.59,,,
2025-05-08,Shed 3,58.4,3.0,20995.0,18510.0,7,3,28 P,88.16,,,
2025-05-08,Shed 4,56.2,5.0,21300.0,19770.0,12,8,1,92.82,,,
2025-06-08,Shed 1,53.7,3.0,21283.0,19650.0,17,10,2,92.33,,,
2025-06-08,Shed 2,52.5,4.0,21157.0,19260.0,22,3,1,91.03,,,
2025-06-08,Shed 3,58.5,8.0,20987.0,18960.0,27,3,1,90.34,,,
2025-06-08,Shed 4,56.3,3.0,21297.0,19800.0,15,7,1,92.97,,,
2025-07-08,Shed 1,54.1,3.0,21280.0,19680.0,16,11,1,92.48,,5847.04219479739,
2025-07-08,Shed 2,52.6,2.0,21155.0,19260.0,11,4,1,91.04,,6009.494142771291,
2025-07-08,Shed 3,58.6,6.0,20981.0,18690.0,30,3,1,89.08,,5813.992568851363,
2025-07-08,Shed 4,56.4,3.0,21294.0,19380.0,15,4,1,91.01,,5797.546490384616,
2025-08-08,Shed 1,54.2,9.0,21271.0,19710.0,25,4,2,92.66,,5830.58328125,
2025-08-08,Shed 2,52.7,3.0,21152.0,19260.0,16,6,1,91.06,,5954.171718750001,
2025-08-08,Shed 3,58.7,8.0,20973.0,19200.0,8,7,1,91.55,,5826.453125,
2025-08-08,Shed 4,56.5,7.0,21287.0,19770.0,11,5,1,92.87,,5766.0884375000005,
2025-09-08,Shed 1,54.3,4.0,21267.0,19590.0,16,4,2,92.11,,5830.58328125,1892.814861111111
2025-09-08,Shed 2,53.1,4.0,21148.0,19200.0,9,2,1,90.79,,5954.171718750001,1908.0786458333332
2025-09-08,Shed 3,59.1,9.0,20964.0,18510.0,4,8,24 p,88.29,,5826.453125,1874.851840277778
2025-09-08,Shed 4,56.6,6.0,21281.0,19350.0,6,8,1,90.93,,5766.0884375000005,1886.7037500000001
2025-10-08,Shed 1,54.4,5.0,21262.0,19680.0,21,7,1,92.56,,5830.58328125,1896.2222222222222
2025-10-08,Shed 2,53.2,5.0,21143.0,19140.0,7,5,1,90.53,,5954.171718750001,1902.967569444444
2025-10-08,Shed 3,59.2,9.0,20955.0,19200.0,11,6,1,91.62,,5826.453125,1865.0369444444445
2025-10-08,Shed 4,56.7,7.0,21274.0,19500.0,7,5,16 p,91.66,,5766.0884375000005,1885.4075
2025-11-08,Shed 1,54.5,3.0,21259.0,19680.0,21,5,1,92.57,,5830.58328125,1896.2222222222222
2025-11-08,Shed 2,53.3,5.0,21138.0,19410.0,16,7,1,91.83,,5954.171718750001,1902.967569444444
2025-11-08,Shed 3,59.3,2.0,20953.0,18660.0,10,6,19 p,89.06,,5826.453125,1865.0369444444445
2025-11-08,Shed 4,57.1,3.0,21271.0,19710.0,13,6,1,92.66,,5766.0884375000005,1885.4075
2025-12-08,Shed 1,54.6,7.0,21252.0,19740.0,21,4,2,92.89,,5830.58328125,1896.2222222222222
2025-12-08,Shed 2,53.4,3.0,21135.0,19530.0,7,10,1,92.41,,5954.171718750001,1902.967569444444
2025-12-08,Shed 3,59.4,7.0,20946.0,18960.0,11,10,27 p,90.52,,5826.453125,1865.0369444444445
2025-12-08,Shed 4,57.2,3.0,21268.0,19980.0,9,8,1,93.94,,5766.0884375000005,1885.4075
2025-08-13,Shed 1,54.7,3.0,21249.0,19710.0,10,5,1,92.76,,5830.58328125,
2025-08-13,Shed 2,53.5,5.0,21130.0,18930.0,8,4,1,89.59,,5954.171718750001,
2025-08-13,Shed 3,59.5,6.0,20940.0,18540.0,10,2,1,88.54,,5826.453125,
2025-08-13,Shed 4,57.3,4.0,21264.0,19410.0,14,7,1,91.28,,5766.0884375000005,
2025-08-14,Shed 1,55.1,5.0,21244.0,19410.0,11,6,1,91.37,,5830.58328125,
2025-08-14,Shed 2,53.6,2.0,21128.0,19140.0,12,12,1,90.59,,5954.171718750001,
2025-08-14,Shed 3,59.6,3.0,20937.0,19350.0,8,6,27 p,92.42,,5826.453125,
2025-08-14,Shed 4,57.4,8.0,21256.0,19800.0,13,8,1,93.15,,5766.0884375000005,
2025-08-15,Shed 1,55.2,2.0,21242.0,19560.0,17,4,1,92.08,,5830.58328125,
2025-08-15,Shed 2,53.7,3.0,21125.0,19050.0,11,8,1,90.18,,5954.171718750001,
2025-08-15,Shed 3,59.7,6.0,20931.0,18210.0,9,6,1,87.0,,5826.453125,
2025-08-15,Shed 4,57.5,4.0,21252.0,19350.0,17,11,1,91.05,,5766.0884375000005,
2025-08-16,Shed 1,55.3,2.0,21240.0,19500.0,15,6,1,91.81,,5830.58328125,
2025-08-16,Shed 2,54.1,17.0,21108.0,19110.0,6,3,1,90.53,,5954.171718750001,
2025-08-16,Shed 3,60.1,5.0,20926.0,18540.0,11,4,1,88.6,,5826.453125,
2025-08-16,Shed 4,57.6,8.0,21244.0,19470.0,18,9,1,91.65,,5766.0884375000005,
2025-08-17,Shed 1,55.4,2.0,21238.0,19230.0,11,3,1,90.55,,5830.58328125,
2025-08-17,Shed 2,54.2,5.0,21103.0,18810.0,8,5,1,89.13,,5954.171718750001,
2025-08-17,Shed 3,60.2,9.0,20917.0,19080.0,10,5,1+10p,91.22,,5826.453125,
2025-08-17,Shed 4,57.7,4.0,21240.0,19590.0,10,9,1+20 p,92.23,,5766.0884375000005,
2025-08-18,Shed 1,55.5,0.0,21238.0,19200.0,11,10,1,90.4,,5830.58328125,1909.7777083333333
2025-08-18,Shed 2,54.3,7.0,21096.0,18960.0,17,9,1,89.87,,5954.171718750001,1900.6156944444442
2025-08-18,Shed 3,60.3,4.0,20913.0,18570.0,14,6,18 p,88.8,,5826.453125,1883.6296527777777
2025-08-18,Shed 4,58.1,3.0,21237.0,19380.0,20,8,1,91.26,,5766.0884375000005,1886.2297222222219
2025-08-19,Shed 1,55.6,4.0,21234.0,19290.0,0,4,1,90.84,,5830.58328125,1909.7777083333333
2025-08-19,Shed 2,54.4,5.0,21091.0,18960.0,8,0,1,89.9,,5954.171718750001,1900.6156944444442
2025-08-19,Shed 3,60.4,3.0,20910.0,18720.0,11,8,17 p,89.53,,5826.453125,1883.6296527777777
2025-08-19,Shed 4,58.2,8.0,21229.0,19290.0,16,8,1,90.87,,5766.0884375000005,1886.2297222222219
2025-08-20,Shed 1,55.7,4.0,21230.0,19380.0,19,7,1,91.29,,5830.58328125,1909.7777083333333
2025-08-20,Shed 2,54.5,6.0,21085.0,18360.0,12,3,13 p,87.08,,5954.171718750001,1900.6156944444442
2025-08-20,Shed 3,60.5,6.0,20904.0,18540.0,14,11,19 p,88.69,,5826.453125,1883.6296527777777
2025-08-20,Shed 4,58.3,11.0,21218.0,19260.0,11,4,1,90.77,,5766.0884375000005,1886.2297222222219
2025-08-21,Shed 1,56.1,1.0,21229.0,19440.0,11,10,1,91.57,,5830.58328125,1909.7777083333333
2025-08-21,Shed 2,54.6,5.0,21080.0,18630.0,12,4,1,88.38,,5954.171718750001,1900.6156944444442
2025-08-21,Shed 3,60.6,6.0,20898.0,18210.0,12,8,15 p,87.14,,5826.453125,1883.6296527777777
2025-08-21,Shed 4,58.4,4.0,21214.0,19500.0,28,4,3 p,91.92,,5766.0884375000005,1886.2297222222219
2025-08-22,Shed 1,56.2,2.0,21227.0,19470.0,18,8,1,91.72,,5830.58328125,1909.7777083333333
2025-08-22,Shed 2,54.7,5.0,21075.0,18390.0,7,5,1,87.26,,5954.171718750001,1900.6156944444442
2025-08-22,Shed 3,60.7,5.0,20893.0,18840.0,8,3,1,90.17,,5826.453125,1883.6296527777777
2025-08-22,Shed 4,58.5,3.0,21211.0,18930.0,10,4,1,89.25,,5766.0884375000005,1886.2297222222219
2025-08-23,Shed 1,56.3,3.0,21224.0,19470.0,13,6,1,91.74,,5830.58328125,1909.7777083333333
2025-08-23,Shed 2,55.1,1.0,21074.0,18510.0,8,6,1,87.83,,5954.171718750001,1900.6156944444442
2025-08-23,Shed 3,61.1,2.0,20891.0,18120.0,28,4,14 p,86.74,,5826.453125,1883.6296527777777
2025-08-23,Shed 4,58.6,7.0,21204.0,19350.0,7,4,18,91.26,,5766.0884375000005,1886.2297222222219
2025-08-24,Shed 1,56.4,3.0,21221.0,19350.0,7,4,1,91.18,,5830.58328125,1909.7777083333333
2025-08-24,Shed 2,55.2,6.0,21068.0,18570.0,20,7,1,88.14,,5954.171718750001,1900.6156944444442
2025-08-24,Shed 3,61.2,1.0,20890.0,18330.0,18,8,1,87.75,,5826.453125,1883.6296527777777
2025-08-24,Shed 4,58.7,8.0,21196.0,19290.0,8,3,1,91.01,,5766.0884375000005,1886.2297222222219
2025-08-25,Shed 1,56.5,5.0,21216.0,19260.0,15,10,1,90.78,,5830.58328125,1909.7777083333333
2025-08-25,Shed 2,55.3,4.0,21064.0,18750.0,14,4,1,89.01,,5954.171718750001,1900.6156944444442
2025-08-25,Shed 3,61.3,4.0,20886.0,18300.0,26,8,1,87.62,,5826.453125,1883.6296527777777
2025-08-25,Shed 4,59.1,9.0,21187.0,19170.0,12,6,1,90.48,,5766.0884375000005,1886.2297222222219
2025-08-26,Shed 1,56.6,5.0,21211.0,19230.0,11,7,1,90.66,,5830.58328125,1909.7777083333333
2025-08-26,Shed 2,55.4,6.0,21058.0,18420.0,12,3,1,87.47,,5954.171718750001,1900.6156944444442
2025-08-26,Shed 3,61.4,5.0,20881.0,17880.0,24,6,1,85.63,,5826.453125,1883.6296527777777
2025-08-26,Shed 4,59.2,8.0,21179.0,18990.0,12,5,1,89.66,,5766.0884375000005,1886.2297222222219
2025-08-27,Shed 1,56.7,1.0,21210.0,19140.0,11,8,1,90.24,,5830.58328125,1909.7777083333333
2025-08-27,Shed 2,55.5,2.0,21056.0,18870.0,22,12,1,89.62,,5954.171718750001,1900.6156944444442
2025-08-27,Shed 3,61.5,7.0,20874.0,18210.0,29,10,1,87.24,,5826.453125,1883.6296527777777
2025-08-27,Shed 4,59.3,3.0,21176.0,19260.0,18,3,2,90.95,,5766.0884375000005,1886.2297222222219
2025-08-28,Shed 1,57.1,6.0,21204.0,19380.0,13,7,1,91.4,,5830.58328125,1909.7777083333333
2025-08-28,Shed 2,55.6,9.0,21047.0,19110.0,24,6,1,90.8,,5954.171718750001,1900.6156944444442
2025-08-28,Shed 3,61.6,3.0,20871.0,18060.0,18,7,16 p,86.53,,5826.453125,1883.6296527777777
2025-08-28,Shed 4,59.4,7.0,21169.0,19110.0,10,6,1,90.27,,5766.0884375000005,1886.2297222222219
2025-08-29,Shed 1,57.2,3.0,21201.0,19380.0,8,6,1,91.41,,5830.58328125,1909.7777083333333
2025-08-29,Shed 2,55.7,6.0,21041.0,18780.0,16,4,1,89.25,,5954.171718750001,1900.6156944444442
2025-08-29,Shed 3,61.7,1.0,20870.0,18270.0,18,9,12 P,87.54,,5826.453125,1883.6296527777777
2025-08-29,Shed 4,59.5,6.0,21163.0,18690.0,15,8,1,88.31,,5766.0884375000005,1886.2297222222219
2025-08-30,Shed 1,57.3,1.0,21200.0,19050.0,15,3,1,89.86,,5830.58328125,1909.7777083333333
2025-08-30,Shed 2,56.1,4.0,21037.0,19020.0,20,6,1,90.41,,5954.171718750001,1900.6156944444442
2025-08-30,Shed 3,62.1,3.0,20867.0,18510.0,11,4,1,88.7,,5826.453125,1883.6296527777777
2025-08-30,Shed 4,59.6,7.0,21156.0,19170.0,8,8,1,90.61,,5766.0884375000005,1886.2297222222219
2025-08-31,Shed 1,57.4,12.0,21188.0,19410.0,11,6,1,91.61,,5830.58328125,1909.7777083333333
2025-08-31,Shed 2,56.2,4.0,21033.0,18930.0,10,6,1,90.0,,5954.171718750001,1900.6156944444442
2025-08-31,Shed 3,62.2,3.0,20864.0,18540.0,24,5,1,88.86,,5826.453125,1883.6296527777777
2025-08-31,Shed 4,59.7,6.0,21150.0,19050.0,15,5,1,90.07,,5766.0884375000005,1886.2297222222219
2025-01-09,Shed 1,57.5,0.0,21188.0,19410.0,15,6,1,91.61,,,
2025-01-09,Shed 2,56.3,5.0,21028.0,18930.0,10,3,1,90.02,,,
2025-01-09,Shed 3,62.3,4.0,20860.0,18540.0,12,5,1,88.88,,,
2025-01-09,Shed 4,60.1,3.0,21147.0,18960.0,15,4,1,89.66,,,
2025-06-09,Shed 1,58.3,4.0,21184.0,19410.0,20,10,2,91.63,,,
2025-06-09,Shed 2,57.1,9.0,21021.0,19020.0,25,12,1,90.48,,,
2025-06-09,Shed 3,63.1,3.0,20857.0,18600.0,14,4,1,89.18,,,
2025-06-09,Shed 4,60.6,4.0,21134.0,18600.0,9,3,12 p,88.01,,,
2025-07-09,Shed 1,58.4,7.0,21177.0,19440.0,11,10,1,91.8,,5847.04219479739,
2025-07-09,Shed 2,57.2,9.0,21012.0,19320.0,15,5,2,91.95,,6009.494142771291,
2025-07-09,Shed 3,63.2,8.0,20849.0,18690.0,17,5,1,89.64,,5813.992568851363,
2025-07-09,Shed 4,60.7,7.0,21127.0,19350.0,23,4,1,91.59,,5797.546490384616,
2025-08-09,Shed 1,58.5,4.0,21173.0,19440.0,15,18,2,91.82,,5830.58328125,
2025-08-09,Shed 2,57.3,6.0,21006.0,19110.0,25,8,1,90.97,,5954.171718750001,
2025-08-09,Shed 3,63.3,4.0,20845.0,18840.0,21,7,1,90.38,,5826.453125,
2025-08-09,Shed 4,61.1,5.0,21122.0,19350.0,18,4,1,91.61,,5766.0884375000005,
2025-09-09,Shed 1,58.6,4.0,21169.0,19380.0,18,8,1,91.55,,5830.58328125,1892.814861111111
2025-09-09,Shed 2,57.4,3.0,21003.0,18690.0,25,8,1,88.99,,5954.171718750001,1908.0786458333332
2025-09-09,Shed 3,63.4,4.0,20841.0,18900.0,8,5,1,90.69,,5826.453125,1874.851840277778
2025-09-09,Shed 4,61.2,8.0,21114.0,18840.0,20,8,1,89.23,,5766.0884375000005,1886.7037500000001
2025-10-09,Shed 1,59.1,6.0,21159.0,19200.0,25,5,1,90.74,,5830.58328125,1896.2222222222222
2025-10-09,Shed 2,57.6,7.0,20993.0,19200.0,20,6,1,91.46,,5954.171718750001,1902.967569444444
2025-10-09,Shed 3,63.6,6.0,20831.0,18600.0,20,3,1,89.29,,5826.453125,1865.0369444444445
2025-10-09,Shed 4,61.3,6.0,21108.0,19230.0,15,5,1,91.1,,5766.0884375000005,1885.4075
2025-11-09,Shed 1,59.1,6.0,21159.0,19200.0,25,5,1,90.74,,5830.58328125,1896.2222222222222
2025-11-09,Shed 2,57.6,7.0,20993.0,19200.0,20,6,1,91.46,,5954.171718750001,1902.967569444444
2025-11-09,Shed 3,63.6,6.0,20831.0,18600.0,20,3,1,89.29,,5826.453125,1865.0369444444445
2025-11-09,Shed 4,61.4,9.0,21099.0,18960.0,28,7,1,89.86,,5766.0884375000005,1885.4075
2025-01-09,Shed 1,57.5,0.0,21188.0,19410.0,15,6,1,91.61,,,
2025-01-09,Shed 2,56.3,5.0,21028.0,18930.0,10,3,1,90.02,,,
2025-01-09,Shed 3,62.3,4.0,20860.0,18540.0,12,5,1,88.88,,,
2025-01-09,Shed 4,60.1,3.0,21147.0,18960.0,15,4,1,89.66,,,
2025-02-09,Shed 1,57.6,4.0,21184.0,19140.0,7,10,1,,638.0,,
2025-02-09,Shed 2,56.4,5.0,21023.0,18870.0,20,6,1,,629.0,,
2025-02-09,Shed 3,62.4,2.0,20858.0,18510.0,0,0,1,,617.0,,
2025-02-09,Shed 4,60.2,6.0,21141.0,18750.0,8,6,1,,625.0,,
2025-03-09,Shed 1,57.7,6.0,21151.0,18990.0,10,12,1,,633.0,,
2025-03-09,Shed 2,56.5,8.0,21003.0,19110.0,20,12,1,,637.0,,
2025-03-09,Shed 3,62.5,0.0,20853.0,18300.0,19,5,1,,610.0,,
2025-03-09,Shed 4,60.3,8.0,21133.0,18780.0,21,9,3,,626.0,,
2025-04-09,Shed 1,58.1,7.0,21133.0,19200.0,16,10,1,,640.0,,
2025-04-09,Shed 2,56.6,8.0,20995.0,19050.0,25,6,35p,,635.0,,
2025-04-09,Shed 3,62.6,5.0,20848.0,18570.0,16,3,1,,619.0,,
2025-04-09,Shed 4,60.4,6.0,21127.0,19110.0,8,3,1,,637.0,,
2025-05-09,Shed 1,58.2,5.0,21128.0,19410.0,11,15,1,,647.0,,
2025-05-09,Shed 2,56.7,8.0,20972.0,19290.0,15,6,1,,643.0,,
2025-05-09,Shed 3,62.7,9.0,20839.0,19110.0,25,3,1,,637.0,,
2025-05-09,Shed 4,60.5,9.0,21115.0,19410.0,11,1,1,,647.0,,
2025-06-09,Shed 1,58.3,4.0,21124.0,19410.0,20,10,2,91.89,647.0,,
2025-06-09,Shed 2,57.1,9.0,20963.0,19020.0,25,12,1,90.73,634.0,,
2025-06-09,Shed 3,63.1,3.0,20836.0,18600.0,14,4,1,89.27,620.0,,
2025-06-09,Shed 4,60.6,4.0,21102.0,18600.0,9,3,12 p,88.14,620.0,,
2025-07-09,Shed 1,58.4,7.0,21117.0,19440.0,11,10,1,92.06,648.0,5847.04219479739,
2025-07-09,Shed 2,57.2,9.0,20946.0,19320.0,15,5,2,92.24,644.0,6009.494142771291,
2025-07-09,Shed 3,63.2,8.0,20826.0,18690.0,17,5,1,89.74,623.0,5813.992568851363,
2025-07-09,Shed 4,60.7,7.0,21092.0,19350.0,23,4,1,91.74,645.0,5797.546490384616,
2025-08-09,Shed 1,58.5,4.0,21113.0,19440.0,15,18,2,92.08,648.0,5830.58328125,
2025-08-09,Shed 2,57.3,6.0,20932.0,19110.0,25,8,1,91.3,637.0,5954.171718750001,
2025-08-09,Shed 3,63.3,4.0,20820.0,18840.0,21,7,1,90.49,628.0,5826.453125,
2025-08-09,Shed 4,61.1,5.0,21084.0,19350.0,18,4,1,91.78,645.0,5766.0884375000005,
2025-09-09,Shed 1,58.6,4.0,21109.0,19380.0,18,8,1,91.81,646.0,5830.58328125,1892.814861111111
2025-09-09,Shed 2,57.4,3.0,20929.0,18690.0,25,8,1,89.3,623.0,5954.171718750001,1908.0786458333332
2025-09-09,Shed 3,63.4,4.0,20816.0,18900.0,8,5,1,90.8,630.0,5826.453125,1874.851840277778
2025-09-09,Shed 4,61.2,8.0,21076.0,18840.0,20,8,1,89.39,628.0,5766.0884375000005,1886.7037500000001
2025-10-09,Shed 1,58.7,4.0,21105.0,19200.0,15,9,1,90.97,640.0,5830.58328125,1896.2222222222222
2025-10-09,Shed 2,57.5,3.0,20926.0,19050.0,25,6,1,91.04,635.0,5954.171718750001,1902.967569444444
2025-10-09,Shed 3,63.5,4.0,20812.0,18780.0,20,6,1,90.24,626.0,5826.453125,1865.0369444444445
2025-10-09,Shed 4,61.3,6.0,21070.0,19230.0,15,5,1,91.27,641.0,5766.0884375000005,1885.4075
2025-11-09,Shed 1,59.1,6.0,21099.0,19200.0,25,5,1,91.0,640.0,5830.58328125,1896.2222222222222
2025-11-09,Shed 2,57.6,7.0,20919.0,19200.0,20,6,1,91.78,640.0,5954.171718750001,1902.967569444444
2025-11-09,Shed 3,63.6,6.0,20806.0,18600.0,20,3,1,89.4,620.0,5826.453125,1865.0369444444445
2025-11-09,Shed 4,61.4,9.0,21061.0,18960.0,28,7,1,90.02,632.0,5766.0884375000005,1885.4075
2025-12-09,Shed 1,59.2,4.0,21095.0,19140.0,11,8,1,90.73,638.0,5830.58328125,1896.2222222222222
2025-12-09,Shed 2,57.7,4.0,20904.0,18780.0,23,5,1,89.84,626.0,5954.171718750001,1902.967569444444
2025-12-09,Shed 3,63.7,7.0,20796.0,18600.0,13,5,1,89.44,620.0,5826.453125,1865.0369444444445
2025-12-09,Shed 4,61.5,6.0,21055.0,18990.0,5,3,1,90.19,633.0,5766.0884375000005,1885.4075
2025-09-13,Shed 1,59.3,6.0,21089.0,19140.0,9,6,1,90.76,638.0,5830.58328125,1892.814861111111
2025-09-13,Shed 2,58.1,2.0,20902.0,18870.0,15,4,1,90.28,629.0,5954.171718750001,1908.0786458333332
2025-09-13,Shed 3,64.1,8.0,20788.0,18420.0,12,5,1,88.61,614.0,5826.453125,1874.851840277778
2025-09-13,Shed 4,61.6,5.0,21050.0,18870.0,7,4,1,89.64,629.0,5766.0884375000005,1886.7037500000001
2025-09-14,Shed 1,59.4,4.0,21085.0,19200.0,16,7,1,91.06,640.0,5830.58328125,1892.814861111111
2025-09-14,Shed 2,58.2,6.0,20896.0,19080.0,10,7,1,91.31,636.0,5954.171718750001,1908.0786458333332
2025-09-14,Shed 3,64.2,2.0,20786.0,18390.0,15,6,1,88.47,613.0,5826.453125,1874.851840277778
2025-09-14,Shed 4,61.7,5.0,21045.0,18900.0,8,5,1,89.81,630.0,5766.0884375000005,1886.7037500000001
2025-09-15,Shed 1,59.5,4.0,21081.0,19230.0,16,3,1,91.22,641.0,5830.58328125,1896.2222222222222
2025-09-15,Shed 2,58.3,7.0,20889.0,18600.0,13,5,1,89.04,620.0,5954.171718750001,1902.967569444444
2025-09-15,Shed 3,64.3,3.0,20783.0,18450.0,10,5,1,88.77,615.0,5826.453125,1865.0369444444445
2025-09-15,Shed 4,62.2,5.0,21040.0,18930.0,19,14,1,89.97,631.0,5766.0884375000005,1885.4075
2025-09-16,Shed 1,59.6,7.0,21074.0,19230.0,14,13,1,91.25,641.0,5830.58328125,1896.2222222222222
2025-09-16,Shed 2,58.4,6.0,20883.0,18690.0,14,10,1,89.5,623.0,5954.171718750001,1902.967569444444
2025-09-16,Shed 3,64.4,4.0,20779.0,18570.0,16,6,1,89.37,619.0,5826.453125,1865.0369444444445
2025-09-16,Shed 4,62.3,4.0,21036.0,18930.0,37,7,1,89.99,631.0,5766.0884375000005,1885.4075
2025-09-17,Shed 1,59.7,3.0,21071.0,19320.0,13,8,1,91.69,644.0,5830.58328125,1896.2222222222222
2025-09-17,Shed 2,58.5,3.0,20880.0,19170.0,8,3,1,91.81,639.0,5954.171718750001,1902.967569444444
2025-09-17,Shed 3,64.5,2.0,20777.0,18810.0,13,6,1,90.53,627.0,5826.453125,1865.0369444444445
2025-09-17,Shed 4,62.4,7.0,21029.0,19320.0,22,6,1,91.87,644.0,5766.0884375000005,1885.4075
2025-09-18,Shed 1,60.1,4.0,21067.0,19410.0,15,7,2,92.13,647.0,5830.58328125,1896.2222222222222
2025-09-18,Shed 2,58.6,5.0,20875.0,18900.0,20,3,1,90.54,630.0,5954.171718750001,1902.967569444444
2025-09-18,Shed 3,64.6,6.0,20771.0,18810.0,13,5,1,90.56,627.0,5826.453125,1865.0369444444445
2025-09-18,Shed 4,62.5,8.0,21021.0,19320.0,11,8,1,91.91,644.0,5766.0884375000005,1885.4075
2025-09-19,Shed 1,60.2,2.0,21065.0,19410.0,25,5,2,92.14,647.0,5830.58328125,1896.2222222222222
2025-09-19,Shed 2,58.7,8.0,20867.0,19050.0,16,15,1,91.29,635.0,5954.171718750001,1902.967569444444
2025-09-19,Shed 3,64.7,3.0,20768.0,18720.0,22,7,1,90.14,624.0,5826.453125,1865.0369444444445
2025-09-19,Shed 4,62.6,4.0,21017.0,19320.0,11,10,1,91.93,644.0,5766.0884375000005,1885.4075
2025-09-20,Shed 1,60.3,4.0,21061.0,19350.0,18,13,1,91.88,645.0,5830.58328125,1896.2222222222222
2025-09-20,Shed 2,59.1,8.0,20859.0,19080.0,15,7,1,91.47,636.0,5954.171718750001,1902.967569444444
2025-09-20,Shed 3,65.1,5.0,20763.0,18630.0,18,7,1,89.73,621.0,5826.453125,1865.0369444444445
2025-09-20,Shed 4,62.7,8.0,21009.0,19260.0,11,6,1,91.67,642.0,5766.0884375000005,1885.4075
2025-09-21,Shed 1,60.4,4.0,21057.0,19410.0,16,13,1,92.18,647.0,5830.58328125,1896.2222222222222
2025-09-21,Shed 2,59.2,3.0,20838.0,19110.0,18,4,1,91.71,637.0,5954.171718750001,1902.967569444444
2025-09-21,Shed 3,65.2,5.0,20758.0,18930.0,28,8,1,91.19,631.0,5826.453125,1865.0369444444445
2025-09-21,Shed 4,63.1,3.0,21006.0,19290.0,29,8,1,91.83,643.0,5766.0884375000005,1885.4075
2025-09-22,Shed 1,60.5,9.0,21048.0,19200.0,16,7,1,91.22,640.0,5830.58328125,1896.2222222222222
2025-09-22,Shed 2,59.3,2.0,20836.0,19290.0,10,7,2,92.58,643.0,5954.171718750001,1902.967569444444
2025-09-22,Shed 3,65.3,4.0,20754.0,18570.0,8,7,1,89.48,619.0,5826.453125,1865.0369444444445
2025-09-22,Shed 4,63.2,8.0,20998.0,19230.0,21,2,2,91.58,641.0,5766.0884375000005,1885.4075
2025-09-23,Shed 1,60.6,4.0,21044.0,19230.0,22,9,1,91.38,641.0,5830.58328125,1896.2222222222222
2025-09-23,Shed 2,59.4,1.0,20835.0,19140.0,10,2,2,91.86,638.0,5954.171718750001,1902.967569444444
2025-09-23,Shed 3,65.4,1.0,20753.0,18720.0,22,6,1,90.2,624.0,5826.453125,1865.0369444444445
2025-09-23,Shed 4,63.3,2.0,20996.0,19140.0,14,4,2,91.16,638.0,5766.0884375000005,1885.4075
2025-09-24,Shed 1,60.7,1.0,21043.0,19080.0,12,11,1,90.67,636.0,5830.58328125,1896.2222222222222
2025-09-24,Shed 2,59.5,5.0,20830.0,18960.0,20,6,1,91.02,632.0,5954.171718750001,1902.967569444444
2025-09-24,Shed 3,65.5,3.0,20750.0,18390.0,5,7,1,88.63,613.0,5826.453125,1865.0369444444445
2025-09-24,Shed 4,63.4,6.0,20990.0,18960.0,11,8,1,90.33,632.0,5766.0884375000005,1885.4075
2025-09-25,Shed 1,61.1,1.0,21042.0,18930.0,11,3,1,89.96,631.0,5830.58328125,1896.2222222222222
2025-09-25,Shed 2,59.6,3.0,20827.0,18690.0,12,6,1,89.74,623.0,5954.171718750001,1902.967569444444
2025-09-25,Shed 3,65.6,5.0,20745.0,18450.0,14,8,1,88.94,615.0,5826.453125,1865.0369444444445
2025-09-25,Shed 4,63.5,7.0,20983.0,18870.0,13,5,1,89.93,629.0,5766.0884375000005,1885.4075
2025-09-26,Shed 1,61.2,10.0,21032.0,19080.0,20,8,1,90.72,636.0,5830.58328125,1896.2222222222222
2025-09-26,Shed 2,59.7,2.0,20813.0,18660.0,6,4,1,89.66,622.0,5954.171718750001,1902.967569444444
2025-09-26,Shed 3,65.7,6.0,20733.0,18480.0,13,9,1,89.13,616.0,5826.453125,1865.0369444444445
2025-09-26,Shed 4,63.6,3.0,20980.0,18960.0,10,11,1,90.37,632.0,5766.0884375000005,1885.4075
2025-09-27,Shed 1,61.3,2.0,21030.0,19110.0,8,8,1,90.87,637.0,5830.58328125,1896.2222222222222
2025-09-27,Shed 2,60.1,2.0,20811.0,19020.0,17,4,1,91.39,634.0,5954.171718750001,1902.967569444444
2025-09-27,Shed 3,66.1,4.0,20732.0,18480.0,14,7,1,89.14,616.0,5826.453125,1865.0369444444445
2025-09-27,Shed 4,63.7,6.0,20974.0,19140.0,14,2,1,91.26,638.0,5766.0884375000005,1885.4075
2025-09-28,Shed 1,61.4,4.0,21026.0,19110.0,21,10,1,90.89,637.0,5830.58328125,1896.2222222222222
2025-09-28,Shed 2,60.2,3.0,20808.0,19020.0,5,3,1,91.41,634.0,5954.171718750001,1902.967569444444
2025-09-28,Shed 3,66.2,5.0,20727.0,18510.0,17,7,1,89.3,617.0,5826.453125,1865.0369444444445
2025-09-28,Shed 4,64.1,3.0,20971.0,19320.0,16,3,1,92.13,644.0,5766.0884375000005,1885.4075
2025-09-29,Shed 1,61.5,3.0,21023.0,19110.0,17,9,1,90.9,637.0,5830.58328125,1896.2222222222222
2025-09-29,Shed 2,60.3,6.0,20802.0,19170.0,8,5,1,92.15,639.0,5954.171718750001,1902.967569444444
2025-09-29,Shed 3,66.3,3.0,20724.0,18540.0,14,5,1,89.46,618.0,5826.453125,1865.0369444444445
2025-09-29,Shed 4,64.2,2.0,20969.0,19260.0,18,10,1,91.85,642.0,5766.0884375000005,1885.4075
2025-09-30,Shed 1,61.6,5.0,21018.0,19110.0,19,11,1,90.92,637.0,5830.58328125,1896.2222222222222
2025-09-30,Shed 2,60.4,4.0,20798.0,18750.0,7,7,1,90.15,625.0,5954.171718750001,1902.967569444444
2025-09-30,Shed 3,66.4,3.0,20721.0,18510.0,18,5,1,89.33,617.0,5826.453125,1865.0369444444445
2025-09-30,Shed 4,64.3,2.0,20967.0,18960.0,17,10,1,90.43,632.0,5766.0884375000005,1885.4075
2025-01-10,Shed 1,61.7,5.0,21013.0,19050.0,18,12,1,90.66,635.0,,
2025-01-10,Shed 2,60.5,6.0,20792.0,18960.0,15,4,1,91.19,632.0,,
2025-01-10,Shed 3,66.5,5.0,20716.0,18690.0,14,6,1,90.22,623.0,,
2025-01-10,Shed 4,64.4,4.0,20963.0,19260.0,18,10,1,91.88,642.0,,
2025-02-10,Shed 1,62.1,5.0,21008.0,19080.0,16,9,2,90.82,636.0,,
2025-02-10,Shed 2,60.6,3.0,20789.0,18780.0,17,7,1,90.34,626.0,,
2025-02-10,Shed 3,66.6,4.0,20712.0,18780.0,18,9,1,90.67,626.0,,
2025-02-10,Shed 4,64.5,7.0,20956.0,19320.0,15,6,1,92.19,644.0,,
2025-03-10,Shed 1,62.2,5.0,21003.0,19080.0,18,9,1,90.84,636.0,,
2025-03-10,Shed 2,60.7,1.0,20788.0,18810.0,7,4,1,90.48,627.0,,
2025-03-10,Shed 3,66.7,3.0,20709.0,18750.0,21,6,1,90.54,625.0,,
2025-03-10,Shed 4,64.6,7.0,20949.0,19410.0,22,8,1,92.65,647.0,,
2025-04-10,Shed 1,62.3,6.0,20997.0,19110.0,14,7,1,91.01,637.0,,
2025-04-10,Shed 2,61.1,3.0,20785.0,18930.0,12,6,1,91.08,631.0,,
2025-04-10,Shed 3,67.1,7.0,20702.0,18720.0,8,10,1,90.43,624.0,,
2025-04-10,Shed 4,64.7,6.0,20943.0,19260.0,20,3,1,91.96,642.0,,
2025-05-10,Shed 1,62.4,1.0,20996.0,19140.0,20,9,1,91.16,638.0,,
2025-05-10,Shed 2,61.2,7.0,20778.0,18930.0,14,5,1,91.11,631.0,,
2025-05-10,Shed 3,67.2,2.0,20700.0,18690.0,17,4,1,90.29,623.0,,
2025-05-10,Shed 4,65.1,4.0,20939.0,19200.0,22,2,1,91.69,640.0,,
2025-06-10,Shed 1,62.5,5.0,20991.0,19170.0,10,7,1,91.32,639.0,,
2025-06-10,Shed 2,61.3,5.0,20773.0,19050.0,15,7,1,91.71,635.0,,
2025-06-10,Shed 3,67.3,1.0,20699.0,18690.0,16,6,1,90.29,623.0,,
2025-06-10,Shed 4,65.2,3.0,20936.0,19320.0,12,5,1,92.28,644.0,,
2025-07-10,Shed 1,62.6,2.0,20989.0,19200.0,24,11,1,91.48,640.0,5847.04219479739,
2025-07-10,Shed 2,61.4,2.0,20771.0,19020.0,18,7,1,91.57,634.0,6009.494142771291,
2025-07-10,Shed 3,67.4,2.0,20697.0,18720.0,14,4,1,90.45,624.0,5813.992568851363,
2025-07-10,Shed 4,65.3,4.0,20932.0,19230.0,7,5,1,91.87,641.0,5797.546490384616,
2025-08-10,Shed 1,62.7,5.0,20984.0,19230.0,22,7,1,91.64,641.0,5830.58328125,
2025-08-10,Shed 2,61.5,4.0,20767.0,19050.0,12,8,1,91.73,635.0,5954.171718750001,
2025-08-10,Shed 3,67.5,6.0,20691.0,18690.0,13,3,1,90.33,623.0,5826.453125,
2025-08-10,Shed 4,65.4,4.0,20928.0,19230.0,9,7,1,91.89,641.0,5766.0884375000005,
2025-09-10,Shed 1,63.1,4.0,20980.0,19200.0,23,11,1,91.52,640.0,5830.58328125,1892.814861111111
2025-09-10,Shed 2,61.6,1.0,20766.0,19080.0,16,9,1,91.88,636.0,5954.171718750001,1908.0786458333332
2025-09-10,Shed 3,67.6,4.0,20687.0,18630.0,15,7,1,90.06,621.0,5826.453125,1874.851840277778
2025-09-10,Shed 4,65.5,5.0,20923.0,19470.0,24,4,1,93.06,649.0,5766.0884375000005,1886.7037500000001
2025-10-10,Shed 1,63.2,3.0,20977.0,19200.0,15,9,1,91.53,640.0,5830.58328125,1896.2222222222222
2025-10-10,Shed 2,61.7,1.0,20755.0,19080.0,7,4,1,91.93,636.0,5954.171718750001,1902.967569444444
2025-10-10,Shed 3,67.7,6.0,20681.0,18630.0,10,6,1,90.08,621.0,5826.453125,1865.0369444444445
2025-10-10,Shed 4,65.6,7.0,20916.0,19500.0,14,4,1,93.23,650.0,5766.0884375000005,1885.4075
2025-11-10,Shed 1,63.3,3.0,20974.0,19230.0,22,11,1,91.68,641.0,5830.58328125,1896.2222222222222
2025-11-10,Shed 2,62.1,5.0,20750.0,18840.0,12,5,1,90.8,628.0,5954.171718750001,1902.967569444444
2025-11-10,Shed 3,68.1,4.0,20677.0,18660.0,21,3,1,90.25,622.0,5826.453125,1865.0369444444445
2025-11-10,Shed 4,65.7,2.0,20914.0,19320.0,16,3,1,92.38,644.0,5766.0884375000005,1885.4075
2025-12-10,Shed 1,63.4,7.0,20967.0,19170.0,9,11,1,91.43,639.0,5830.58328125,1896.2222222222222
2025-12-10,Shed 2,62.2,3.0,20747.0,18930.0,16,5,1,91.24,631.0,5954.171718750001,1902.967569444444
2025-12-10,Shed 3,68.2,1.0,20676.0,18690.0,17,5,1,90.39,623.0,5826.453125,1865.0369444444445
2025-12-10,Shed 4,66.1,5.0,20909.0,19260.0,20,6,1,92.11,642.0,5766.0884375000005,1885.4075
2025-10-13,Shed 1,63.5,3.0,20964.0,18900.0,25,7,1,90.15,630.0,5830.58328125,1896.2222222222222
2025-10-13,Shed 2,62.3,7.0,20740.0,19050.0,18,5,1,91.85,635.0,5954.171718750001,1902.967569444444
2025-10-13,Shed 3,68.3,1.0,20675.0,18720.0,14,4,1,90.54,624.0,5826.453125,1865.0369444444445
2025-10-13,Shed 4,66.2,4.0,20905.0,19350.0,15,11,1,92.56,645.0,5766.0884375000005,1885.4075
2025-10-14,Shed 1,63.6,8.0,20956.0,18960.0,17,12,1,90.48,632.0,5830.58328125,1896.2222222222222
2025-10-14,Shed 2,62.4,3.0,20737.0,18960.0,10,3,15 p,91.43,632.0,5954.171718750001,1902.967569444444
2025-10-14,Shed 3,68.4,3.0,20672.0,18480.0,3,4,1,89.4,616.0,5826.453125,1865.0369444444445
2025-10-14,Shed 4,66.3,2.0,20903.0,19110.0,12,6,1,91.42,637.0,5766.0884375000005,1885.4075
2025-10-15,Shed 1,63.7,3.0,20953.0,18960.0,21,11,1,90.49,632.0,5830.58328125,1896.2222222222222
2025-10-15,Shed 2,62.5,4.0,20733.0,19050.0,10,4,1,91.88,635.0,5954.171718750001,1902.967569444444
2025-10-15,Shed 3,68.5,5.0,20667.0,18450.0,20,3,1,89.27,615.0,5826.453125,1865.0369444444445
2025-10-15,Shed 4,66.4,7.0,20896.0,19350.0,10,5,1,92.6,645.0,5766.0884375000005,1885.4075
2025-10-16,Shed 1,64.1,8.0,20945.0,19050.0,19,8,1,90.95,635.0,5830.58328125,1896.2222222222222
2025-10-16,Shed 2,62.6,2.0,20731.0,18960.0,4,1,1,91.46,632.0,5954.171718750001,1902.967569444444
2025-10-16,Shed 3,68.6,3.0,20664.0,18660.0,16,5,1,90.3,622.0,5826.453125,1865.0369444444445
2025-10-16,Shed 4,66.5,4.0,20892.0,19260.0,8,3,1,92.19,642.0,5766.0884375000005,1885.4075
2025-10-17,Shed 1,64.1,3.0,20942.0,19140.0,19,7,1,91.4,638.0,5830.58328125,1896.2222222222222
2025-10-17,Shed 2,62.7,7.0,20724.0,18780.0,13,6,1,90.62,626.0,5954.171718750001,1902.967569444444
2025-10-17,Shed 3,68.7,6.0,20658.0,18540.0,22,9,1,89.75,618.0,5826.453125,1865.0369444444445
2025-10-17,Shed 4,66.6,2.0,20890.0,19260.0,14,6,1,92.2,642.0,5766.0884375000005,1885.4075
2025-10-18,Shed 1,64.2,4.0,20938.0,19140.0,22,11,1,91.41,638.0,5830.58328125,1896.2222222222222
2025-10-18,Shed 2,63.1,5.0,20719.0,18600.0,8,8,1,89.77,620.0,5954.171718750001,1902.967569444444
2025-10-18,Shed 3,69.1,3.0,20655.0,18630.0,20,6,1,90.2,621.0,5826.453125,1865.0369444444445
2025-10-18,Shed 4,66.7,3.0,20887.0,19110.0,9,3,1,91.49,637.0,5766.0884375000005,1885.4075
2025-10-19,Shed 1,64.3,3.0,20935.0,19140.0,24,7,1,91.43,638.0,5830.58328125,1896.2222222222222
2025-10-19,Shed 2,63.2,4.0,20705.0,18750.0,13,6,1,90.56,625.0,5954.171718750001,1902.967569444444
2025-10-19,Shed 3,69.2,2.0,20653.0,18630.0,16,3,1,90.2,621.0,5826.453125,1865.0369444444445
2025-10-19,Shed 4,67.1,4.0,20883.0,19230.0,8,11,1,92.08,641.0,5766.0884375000005,1885.4075
2025-10-20,Shed 1,64.4,2.0,20933.0,18450.0,12,8,1,88.14,615.0,5830.58328125,1896.2222222222222
2025-10-20,Shed 2,63.3,9.0,20696.0,18030.0,11,12,1,87.12,601.0,5954.171718750001,1902.967569444444
2025-10-20,Shed 3,69.3,12.0,20641.0,18090.0,14,7,1,87.64,603.0,5826.453125,1865.0369444444445
2025-10-20,Shed 4,67.2,2.0,20881.0,18660.0,7,5,1,89.36,622.0,5766.0884375000005,1885.4075
2025-10-21,Shed 1,64.5,4.0,20929.0,19530.0,15,7,1,93.32,651.0,5830.58328125,1896.2222222222222
2025-10-21,Shed 2,63.4,5.0,20691.0,19530.0,8,7,1,94.39,651.0,5954.171718750001,1902.967569444444
2025-10-21,Shed 3,69.4,6.0,20635.0,18870.0,22,8,1,91.45,629.0,5826.453125,1865.0369444444445
2025-10-21,Shed 4,67.3,4.0,20877.0,19740.0,8,5,1,94.55,658.0,5766.0884375000005,1885.4075
2025-10-22,Shed 1,64.6,7.0,20922.0,18960.0,15,9,1,90.62,632.0,5830.58328125,1896.2222222222222
2025-10-22,Shed 2,63.5,3.0,20677.0,18840.0,15,10,1,91.12,628.0,5954.171718750001,1902.967569444444
2025-10-22,Shed 3,69.5,3.0,20632.0,18570.0,14,5,1,90.01,619.0,5826.453125,1865.0369444444445
2025-10-22,Shed 4,67.4,6.0,20871.0,19020.0,19,4,1,91.13,634.0,5766.0884375000005,1885.4075
2025-10-23,Shed 1,64.7,5.0,20917.0,19050.0,11,9,1,91.07,635.0,5830.58328125,1896.2222222222222
2025-10-23,Shed 2,63.6,2.0,20675.0,18450.0,14,2,1,89.24,615.0,5954.171718750001,1902.967569444444
2025-10-23,Shed 3,69.6,4.0,20628.0,18480.0,19,6,1,89.59,616.0,5826.453125,1865.0369444444445
2025-10-23,Shed 4,67.5,7.0,20864.0,19230.0,15,8,1,92.17,641.0,5766.0884375000005,1885.4075
2025-10-24,Shed 1,65.1,5.0,20912.0,19110.0,17,12,2,91.38,637.0,5830.58328125,1896.2222222222222
2025-10-24,Shed 2,63.7,9.0,20666.0,19110.0,10,8,1,92.47,637.0,5954.171718750001,1902.967569444444
2025-10-24,Shed 3,69.7,4.0,20624.0,18510.0,15,5,1,89.75,617.0,5826.453125,1865.0369444444445
2025-10-24,Shed 4,67.6,4.0,20860.0,19050.0,13,8,1,91.32,635.0,5766.0884375000005,1885.4075
2025-10-25,Shed 1,65.2,2.0,20910.0,19110.0,13,7,1,91.39,637.0,5830.58328125,1896.2222222222222
2025-10-25,Shed 2,64.1,2.0,20664.0,18720.0,9,5,1,90.59,624.0,5954.171718750001,1902.967569444444
2025-10-25,Shed 3,70.1,2.0,20622.0,18510.0,23,7,1,89.76,617.0,5826.453125,1865.0369444444445
2025-10-25,Shed 4,67.7,3.0,20857.0,19290.0,17,20,1,92.49,643.0,5766.0884375000005,1885.4075
2025-10-26,Shed 1,65.3,1.0,20909.0,19080.0,20,8,1,91.25,636.0,5830.58328125,1896.2222222222222
2025-10-26,Shed 2,64.2,3.0,20661.0,18630.0,25,3,1,90.17,621.0,5954.171718750001,1902.967569444444
2025-10-26,Shed 3,70.2,1.0,20621.0,18540.0,17,6,1,89.91,618.0,5826.453125,1865.0369444444445
2025-10-26,Shed 4,68.1,2.0,20855.0,19140.0,13,10,1,91.78,638.0,5766.0884375000005,1885.4075
2025-10-27,Shed 1,65.4,4.0,20905.0,19020.0,23,12,1,90.98,634.0,5830.58328125,1896.2222222222222
2025-10-27,Shed 2,64.3,10.0,20651.0,18720.0,5,2,1,90.65,624.0,5954.171718750001,1902.967569444444
2025-10-27,Shed 3,70.3,5.0,20616.0,18570.0,22,9,1,90.08,619.0,5826.453125,1865.0369444444445
2025-10-27,Shed 4,68.2,4.0,20851.0,19320.0,16,9,1,92.66,644.0,5766.0884375000005,1885.4075
2025-10-28,Shed 1,65.5,2.0,20903.0,18840.0,18,12,1,90.13,628.0,5830.58328125,1896.2222222222222
2025-10-28,Shed 2,64.4,3.0,20648.0,18780.0,10,4,1,90.95,626.0,5954.171718750001,1902.967569444444
2025-10-28,Shed 3,70.4,3.0,20613.0,18480.0,22,8,1,89.65,616.0,5826.453125,1865.0369444444445
2025-10-28,Shed 4,68.3,3.0,20848.0,18990.0,6,15,1,91.09,633.0,5766.0884375000005,1885.4075
2025-10-29,Shed 1,65.6,3.0,20900.0,18930.0,15,13,1,90.57,631.0,5830.58328125,1896.2222222222222
2025-10-29,Shed 2,64.5,5.0,20643.0,18780.0,20,3,1,90.98,626.0,5954.171718750001,1902.967569444444
2025-10-29,Shed 3,70.5,2.0,20611.0,18510.0,16,8,1,89.81,617.0,5826.453125,1865.0369444444445
2025-10-29,Shed 4,68.4,6.0,20842.0,18810.0,14,5,1,90.25,627.0,5766.0884375000005,1885.4075
2025-10-30,Shed 1,65.7,3.0,20897.0,18960.0,20,12,1,90.73,632.0,5830.58328125,1896.2222222222222
2025-10-30,Shed 2,64.6,7.0,20636.0,18780.0,18,10,1,91.01,626.0,5954.171718750001,1902.967569444444
2025-10-30,Shed 3,70.6,3.0,20608.0,18510.0,19,12,1,89.82,617.0,5826.453125,1865.0369444444445
2025-10-30,Shed 4,68.5,4.0,20838.0,19470.0,12,6,1,93.44,649.0,5766.0884375000005,1885.4075
2025-10-31,Shed 1,66.1,3.0,20894.0,18930.0,8,15,1,90.6,631.0,5830.58328125,1896.2222222222222
2025-10-31,Shed 2,64.7,2.0,20634.0,18810.0,25,7,1,91.16,627.0,5954.171718750001,1902.967569444444
2025-10-31,Shed 3,70.7,5.0,20603.0,18510.0,10,12,1,89.84,617.0,5826.453125,1865.0369444444445
2025-10-31,Shed 4,68.6,2.0,20836.0,19140.0,6,11,1,91.86,638.0,5766.0884375000005,1885.4075
2025-01-11,Shed 1,66.2,3.0,20891.0,18930.0,15,12,1,90.61,631.0,,
2025-01-11,Shed 2,65.1,6.0,20628.0,18600.0,10,8,1,90.17,620.0,,
2025-01-11,Shed 3,71.1,5.0,20598.0,18330.0,22,13,1,88.99,611.0,,
2025-01-11,Shed 4,68.7,5.0,20825.0,18390.0,12,4,1,88.31,613.0,,
2025-02-11,Shed 1,66.3,3.0,20888.0,18960.0,17,11,1,90.77,632.0,,
2025-02-11,Shed 2,65.2,5.0,20623.0,18870.0,25,5,1,91.5,629.0,,
2025-02-11,Shed 3,71.2,2.0,20596.0,18480.0,18,14,1,89.73,616.0,,
2025-02-11,Shed 4,69.1,4.0,20821.0,19260.0,13,13,1,92.5,642.0,,
2025-03-11,Shed 1,66.4,5.0,20883.0,18720.0,16,11,1,89.64,624.0,,
2025-03-11,Shed 2,65.3,6.0,20617.0,18690.0,13,6,1,90.65,623.0,,
2025-03-11,Shed 3,71.3,4.0,20592.0,18360.0,24,13,1,89.16,612.0,,
2025-03-11,Shed 4,69.2,8.0,20813.0,19080.0,25,17,1,91.67,636.0,,
2025-04-11,Shed 1,66.5,3.0,20880.0,18750.0,16,8,1,89.8,625.0,,
2025-04-11,Shed 2,65.4,4.0,20613.0,18780.0,12,5,1,91.11,626.0,,
2025-04-11,Shed 3,71.4,3.0,20589.0,18300.0,16,11,1,88.88,610.0,,
2025-04-11,Shed 4,69.3,1.0,20812.0,18420.0,12,11,1,88.51,614.0,,
2025-05-11,Shed 1,66.6,4.0,20876.0,18750.0,16,13,1,89.82,625.0,,
2025-05-11,Shed 2,65.5,6.0,20607.0,18600.0,7,6,1,90.26,620.0,,
2025-05-11,Shed 3,71.5,7.0,20582.0,18180.0,19,13,1,88.33,606.0,,
2025-05-11,Shed 4,69.4,7.0,20805.0,18810.0,16,11,1,90.41,627.0,,
2025-06-11,Shed 1,66.7,3.0,20873.0,18750.0,15,13,1,89.83,625.0,,
2025-06-11,Shed 2,65.6,6.0,20601.0,18540.0,8,10,1,90.0,618.0,,
2025-06-11,Shed 3,71.6,4.0,20578.0,18150.0,24,14,1,88.2,605.0,,
2025-06-11,Shed 4,69.5,7.0,20798.0,18870.0,14,17,1,90.73,629.0,,
2025-07-11,Shed 1,67.1,3.0,20870.0,18750.0,17,12,1,89.84,625.0,5847.04219479739,
2025-07-11,Shed 2,65.7,4.0,20597.0,18480.0,18,4,1,89.72,616.0,6009.494142771291,
2025-07-11,Shed 3,71.7,0.0,20578.0,18300.0,19,13,1,88.93,610.0,5813.992568851363,
2025-07-11,Shed 4,69.6,5.0,20793.0,18900.0,7,10,1,90.9,630.0,5797.546490384616,
2025-08-11,Shed 1,67.2,6.0,20864.0,18720.0,18,13,1,89.72,624.0,5830.58328125,
2025-08-11,Shed 2,66.1,6.0,20591.0,18330.0,15,8,1,89.02,611.0,5954.171718750001,
2025-08-11,Shed 3,72.1,1.0,20577.0,18330.0,15,12,1,89.08,611.0,5826.453125,
2025-08-11,Shed 4,69.7,2.0,20791.0,18630.0,13,20,1,89.61,621.0,5766.0884375000005,
2025-09-11,Shed 1,67.3,6.0,20858.0,18630.0,21,11,1,89.32,621.0,5830.58328125,1892.814861111111
2025-09-11,Shed 2,66.2,2.0,20589.0,18540.0,5,4,1,90.05,618.0,5954.171718750001,1908.0786458333332
2025-09-11,Shed 3,72.2,6.0,20571.0,18330.0,22,13,1,89.11,611.0,5826.453125,1874.851840277778
2025-09-11,Shed 4,70.1,4.0,20787.0,18510.0,13,9,1,89.05,617.0,5766.0884375000005,1886.7037500000001
2025-10-11,Shed 1,67.4,7.0,20851.0,18480.0,13,8,1,88.63,616.0,5830.58328125,1896.2222222222222
2025-10-11,Shed 2,66.3,4.0,20585.0,18450.0,24,7,1,89.63,615.0,5954.171718750001,1902.967569444444
2025-10-11,Shed 3,72.3,1.0,20570.0,18060.0,17,14,1,87.8,602.0,5826.453125,1865.0369444444445
2025-10-11,Shed 4,70.2,6.0,20781.0,18660.0,3,8,1,89.79,622.0,5766.0884375000005,1885.4075
2025-11-11,Shed 1,67.5,3.0,20848.0,18600.0,16,8,1,89.22,620.0,5830.58328125,1896.2222222222222
2025-11-11,Shed 2,66.4,3.0,20582.0,18450.0,20,6,1,89.64,615.0,5954.171718750001,1902.967569444444
2025-11-11,Shed 3,72.4,5.0,20565.0,18060.0,14,13,1,87.82,602.0,5826.453125,1865.0369444444445
2025-11-11,Shed 4,70.3,7.0,20774.0,18780.0,5,9,1,90.4,626.0,5766.0884375000005,1885.4075
2025-12-11,Shed 1,67.6,3.0,20845.0,18660.0,19,11,1,89.52,622.0,5830.58328125,1896.2222222222222
2025-12-11,Shed 2,66.5,3.0,20579.0,18510.0,6,2,1,89.95,617.0,5954.171718750001,1902.967569444444
2025-12-11,Shed 3,72.5,7.0,20558.0,18180.0,15,13,1,88.43,606.0,5826.453125,1865.0369444444445
2025-12-11,Shed 4,70.4,2.0,20772.0,18720.0,7,5,1,90.12,624.0,5766.0884375000005,1885.4075
2025-11-13,Shed 1,67.7,5.0,20832.0,18690.0,25,14,1,89.72,623.0,5830.58328125,1896.2222222222222
2025-11-13,Shed 2,66.6,2.0,20557.0,18510.0,34,11,1,90.04,617.0,5954.171718750001,1902.967569444444
2025-11-13,Shed 3,72.6,3.0,20543.0,18270.0,14,15,1,88.94,609.0,5826.453125,1865.0369444444445
2025-11-13,Shed 4,70.5,8.0,20748.0,18540.0,7,11,1,89.36,618.0,5766.0884375000005,1885.4075
2025-11-14,Shed 1,68.1,4.0,20828.0,18720.0,15,13,1,89.88,624.0,5830.58328125,1896.2222222222222
2025-11-14,Shed 2,66.7,7.0,20550.0,18630.0,22,10,1,90.66,621.0,5954.171718750001,1902.967569444444
2025-11-14,Shed 3,72.7,2.0,20541.0,18120.0,15,15,1,88.21,604.0,5826.453125,1865.0369444444445
2025-11-14,Shed 4,70.6,7.0,20741.0,18660.0,9,12,1,89.97,622.0,5766.0884375000005,1885.4075
2025-11-15,Shed 1,68.2,1.0,20827.0,18660.0,17,11,1,89.6,622.0,5830.58328125,1896.2222222222222
2025-11-15,Shed 2,67.1,4.0,20540.0,18660.0,12,8,1,90.85,622.0,5954.171718750001,1902.967569444444
2025-11-15,Shed 3,73.1,7.0,20534.0,18120.0,17,18,1,88.24,604.0,5826.453125,1865.0369444444445
2025-11-15,Shed 4,70.7,9.0,20732.0,18600.0,7,6,1,89.72,620.0,5766.0884375000005,1885.4075
2025-11-16,Shed 1,68.3,3.0,20824.0,18720.0,15,8,1,89.9,624.0,5830.58328125,1896.2222222222222
2025-11-16,Shed 2,67.2,2.0,20532.0,18660.0,12,7,1,90.88,622.0,5954.171718750001,1902.967569444444
2025-11-16,Shed 3,73.2,4.0,20530.0,18300.0,16,14,1,89.14,610.0,5826.453125,1865.0369444444445
2025-11-16,Shed 4,71.1,5.0,20727.0,18660.0,5,10,1,90.03,622.0,5766.0884375000005,1885.4075
2025-11-17,Shed 1,68.4,9.0,20815.0,18660.0,20,13,1,89.65,622.0,5830.58328125,1896.2222222222222
2025-11-17,Shed 2,67.3,1.0,20525.0,18750.0,5,3,1,91.35,625.0,5954.171718750001,1902.967569444444
2025-11-17,Shed 3,73.3,9.0,20521.0,18270.0,20,13,1,89.03,609.0,5826.453125,1865.0369444444445
2025-11-17,Shed 4,71.2,6.0,20721.0,18600.0,9,17,1,89.76,620.0,5766.0884375000005,1885.4075
2025-11-18,Shed 1,68.5,4.0,20811.0,18690.0,22,13,1,89.81,623.0,5830.58328125,1896.2222222222222
2025-11-18,Shed 2,67.4,4.0,20515.0,18540.0,25,12,1,90.37,618.0,5954.171718750001,1902.967569444444
2025-11-18,Shed 3,73.4,3.0,20518.0,18060.0,16,13,1,88.02,602.0,5826.453125,1865.0369444444445
2025-11-18,Shed 4,71.3,5.0,20716.0,18660.0,7,17,1,90.08,622.0,5766.0884375000005,1885.4075
2025-11-19,Shed 1,68.6,2.0,20809.0,18720.0,19,11,1,89.96,624.0,5830.58328125,1896.2222222222222
2025-11-19,Shed 2,67.5,7.0,20502.0,18690.0,26,11,1,91.16,623.0,5954.171718750001,1902.967569444444
2025-11-19,Shed 3,73.5,6.0,20512.0,18030.0,16,12,1,87.9,601.0,5826.453125,1865.0369444444445
2025-11-19,Shed 4,71.4,9.0,20707.0,18570.0,23,14,1,89.68,619.0,5766.0884375000005,1885.4075
2025-11-20,Shed 1,68.7,4.0,20805.0,18660.0,24,14,1,89.69,622.0,5830.58328125,1896.2222222222222
2025-11-20,Shed 2,67.6,2.0,20494.0,18630.0,10,9,1,90.9,621.0,5954.171718750001,1902.967569444444
2025-11-20,Shed 3,73.6,1.0,20511.0,17730.0,12,14,1,86.44,591.0,5826.453125,1865.0369444444445
2025-11-20,Shed 4,71.5,6.0,20701.0,18630.0,14,6,1,90.0,621.0,5766.0884375000005,1885.4075
2025-11-21,Shed 1,69.1,4.0,20801.0,18690.0,17,9,1,89.85,623.0,5830.58328125,1896.2222222222222
2025-11-21,Shed 2,67.7,0.0,20488.0,18390.0,23,11,1,89.76,613.0,5954.171718750001,1902.967569444444
2025-11-21,Shed 3,73.7,5.0,20506.0,17490.0,11,10,1,85.29,583.0,5826.453125,1865.0369444444445
2025-11-21,Shed 4,71.6,6.0,20695.0,18450.0,9,15,1,89.15,615.0,5766.0884375000005,1885.4075
2025-11-22,Shed 1,69.2,5.0,20796.0,18720.0,20,8,1,90.02,624.0,5830.58328125,1896.2222222222222
2025-11-22,Shed 2,68.1,4.0,20478.0,18540.0,18,12,1,90.54,618.0,5954.171718750001,1902.967569444444
2025-11-22,Shed 3,74.1,2.0,20504.0,17580.0,12,9,1,85.74,586.0,5826.453125,1865.0369444444445
2025-11-22,Shed 4,71.7,0.0,20695.0,18420.0,6,15,1,89.01,614.0,5766.0884375000005,1885.4075
2025-11-23,Shed 1,69.3,2.0,20794.0,18750.0,21,11,1,90.17,625.0,5830.58328125,1896.2222222222222
2025-11-23,Shed 2,68.2,6.0,20466.0,18540.0,15,10,1,90.59,618.0,5954.171718750001,1902.967569444444
2025-11-23,Shed 3,74.2,4.0,20500.0,17850.0,13,8,1,87.07,595.0,5826.453125,1865.0369444444445
2025-11-23,Shed 4,72.1,5.0,20690.0,18480.0,6,10,1,89.32,616.0,5766.0884375000005,1885.4075
2025-11-24,Shed 1,69.4,3.0,20791.0,18720.0,22,15,1,90.04,624.0,5830.58328125,1896.2222222222222
2025-11-24,Shed 2,68.3,3.0,20457.0,18570.0,8,8,1,90.78,619.0,5954.171718750001,1902.967569444444
2025-11-24,Shed 3,74.3,5.0,20495.0,18000.0,19,17,1,87.83,600.0,5826.453125,1865.0369444444445
2025-11-24,Shed 4,72.2,5.0,20685.0,18540.0,7,15,1,89.63,618.0,5766.0884375000005,1885.4075
2025-11-25,Shed 1,69.5,3.0,20788.0,18420.0,20,14,1,88.61,614.0,5830.58328125,1896.2222222222222
2025-11-25,Shed 2,68.4,6.0,20445.0,18390.0,17,7,1,89.95,613.0,5954.171718750001,1902.967569444444
2025-11-25,Shed 3,74.4,7.0,20488.0,17910.0,17,9,1,87.42,597.0,5826.453125,1865.0369444444445
2025-11-25,Shed 4,72.3,5.0,20680.0,18270.0,10,12,1,88.35,609.0,5766.0884375000005,1885.4075
2025-11-26,Shed 1,69.6,5.0,20783.0,18570.0,22,15,1,89.35,619.0,5830.58328125,1896.2222222222222
2025-11-26,Shed 2,68.5,3.0,20436.0,18360.0,20,12,1,89.84,612.0,5954.171718750001,1902.967569444444
2025-11-26,Shed 3,74.5,4.0,20484.0,17880.0,18,8,1,87.29,596.0,5826.453125,1865.0369444444445
2025-11-26,Shed 4,72.4,2.0,20678.0,18600.0,6,11,1,89.95,620.0,5766.0884375000005,1885.4075
2025-11-27,Shed 1,69.7,4.0,20771.0,18450.0,23,9,1,88.83,615.0,5830.58328125,1896.2222222222222
2025-11-27,Shed 2,68.6,2.0,20428.0,18630.0,35,12,1,91.2,621.0,5954.171718750001,1902.967569444444
2025-11-27,Shed 3,74.6,4.0,20469.0,17730.0,17,8,1,86.62,591.0,5826.453125,1865.0369444444445
2025-11-27,Shed 4,72.5,2.0,20676.0,18240.0,7,9,1,88.22,608.0,5766.0884375000005,1885.4075
2025-11-28,Shed 1,70.1,6.0,20765.0,18270.0,14,8,1,87.98,609.0,5830.58328125,1896.2222222222222
2025-11-28,Shed 2,68.7,6.0,20422.0,18300.0,12,8,1,89.61,610.0,5954.171718750001,1902.967569444444
2025-11-28,Shed 3,74.7,3.0,20455.0,17880.0,20,9,1,87.41,596.0,5826.453125,1865.0369444444445
2025-11-28,Shed 4,72.6,5.0,20671.0,18300.0,12,17,1,88.53,610.0,5766.0884375000005,1885.4075
2025-11-29,Shed 1,70.2,2.0,20759.0,18270.0,21,9,1,88.01,609.0,5830.58328125,1896.2222222222222
2025-11-29,Shed 2,69.1,5.0,20417.0,18240.0,18,15,1,89.34,608.0,5954.171718750001,1902.967569444444
2025-11-29,Shed 3,75.1,4.0,20440.0,17760.0,18,16,1,86.89,592.0,5826.453125,1865.0369444444445
2025-11-29,Shed 4,72.7,5.0,20666.0,18330.0,9,16,1,88.7,611.0,5766.0884375000005,1885.4075
2025-11-30,Shed 1,70.3,6.0,20753.0,18240.0,23,14,1,87.89,608.0,5830.58328125,1896.2222222222222
2025-11-30,Shed 2,69.2,5.0,20412.0,18390.0,21,14,1,90.09,613.0,5954.171718750001,1902.967569444444
2025-11-30,Shed 3,75.2,5.0,20424.0,18000.0,20,13,1,88.13,600.0,5826.453125,1865.0369444444445
2025-11-30,Shed 4,73.1,6.0,20660.0,18420.0,19,13,1,89.16,614.0,5766.0884375000005,1885.4075
2025-01-12,Shed 1,70.4,2.0,20751.0,18510.0,24,13,1,89.2,617.0,,
2025-01-12,Shed 2,69.3,6.0,20406.0,18300.0,15,9,1,89.68,610.0,,
2025-01-12,Shed 3,75.3,4.0,20409.0,17910.0,14,13,1,87.76,597.0,,
2025-01-12,Shed 4,73.2,0.0,20660.0,18390.0,14,14,1,89.01,613.0,,
2025-02-12,Shed 1,70.5,3.0,20748.0,18270.0,18,12,1,88.06,609.0,,
2025-02-12,Shed 2,69.4,3.0,20403.0,18090.0,14,11,1,88.66,603.0,,
2025-02-12,Shed 3,75.4,5.0,20404.0,17730.0,19,15,1,86.89,591.0,,
2025-02-12,Shed 4,73.3,9.0,20651.0,18180.0,8,9,1,88.03,606.0,,
2025-03-12,Shed 1,70.6,4.0,20744.0,18240.0,20,13,1,87.93,608.0,,
2025-03-12,Shed 2,69.5,8.0,20395.0,18510.0,18,14,1,90.76,617.0,,
2025-03-12,Shed 3,75.5,0.0,20404.0,17820.0,12,16,1,87.34,594.0,,
2025-03-12,Shed 4,73.3,8.0,20643.0,18390.0,9,12,1,89.09,613.0,,
2025-04-12,Shed 1,70.7,2.0,20742.0,18330.0,16,14,1,88.37,611.0,,
2025-04-12,Shed 2,69.6,6.0,20389.0,18480.0,15,10,1,90.64,616.0,,
2025-04-12,Shed 3,75.6,7.0,20397.0,17850.0,15,18,1,87.51,595.0,,
2025-04-12,Shed 4,73.4,4.0,20639.0,18390.0,8,6,1,89.1,613.0,,
2025-05-12,Shed 1,71.1,4.0,20738.0,18270.0,11,8,1,88.1,609.0,,
2025-05-12,Shed 2,69.7,1.0,20388.0,18360.0,22,17,1,90.05,612.0,,
2025-05-12,Shed 3,75.7,5.0,20392.0,17850.0,14,16,1,87.53,595.0,,
2025-05-12,Shed 4,73.5,3.0,20636.0,18420.0,14,9,1,89.26,614.0,,
2025-06-12,Shed 1,71.2,4.0,20734.0,18330.0,20,15,1,88.41,611.0,,
2025-06-12,Shed 2,70.1,5.0,20366.0,18420.0,15,10,1,90.44,614.0,,
2025-06-12,Shed 3,76.1,6.0,20375.0,17880.0,19,14,1,87.75,596.0,,
2025-06-12,Shed 4,73.6,7.0,20629.0,18450.0,7,9,1,89.44,615.0,,
2025-07-12,Shed 1,71.3,5.0,20729.0,18360.0,10,8,1,88.57,612.0,5847.04219479739,
2025-07-12,Shed 2,70.2,7.0,20359.0,18480.0,27,17,1,90.77,616.0,6009.494142771291,
2025-07-12,Shed 3,76.2,8.0,20367.0,18030.0,14,17,1,88.53,601.0,5813.992568851363,
2025-07-12,Shed 4,73.7,6.0,20623.0,18390.0,21,5,1,89.17,613.0,5797.546490384616,
2025-08-12,Shed 1,71.4,2.0,20727.0,18540.0,29,17,1,89.45,618.0,5830.58328125,
2025-08-12,Shed 2,70.3,4.0,20355.0,18450.0,18,12,1,90.64,615.0,5954.171718750001,
2025-08-12,Shed 3,76.3,6.0,20361.0,18090.0,23,12,1,88.85,603.0,5826.453125,
2025-08-12,Shed 4,74.1,6.0,20617.0,18510.0,12,2,1,89.78,617.0,5766.0884375000005,
2025-09-12,Shed 1,71.5,7.0,20720.0,18630.0,20,14,1,89.91,621.0,5830.58328125,1892.814861111111
2025-09-12,Shed 2,70.4,8.0,20347.0,18600.0,16,11,1,91.41,620.0,5954.171718750001,1908.0786458333332
2025-09-12,Shed 3,76.4,5.0,20356.0,18150.0,20,13,1,89.16,605.0,5826.453125,1874.851840277778
2025-09-12,Shed 4,74.2,3.0,20614.0,18600.0,8,10,1,90.23,620.0,5766.0884375000005,1886.7037500000001
2025-10-12,Shed 1,71.6,1.0,20719.0,18660.0,10,7,1,90.06,622.0,5830.58328125,1896.2222222222222
2025-10-12,Shed 2,70.5,0.0,20347.0,18630.0,16,9,1,91.56,621.0,5954.171718750001,1902.967569444444
2025-10-12,Shed 3,76.5,8.0,20348.0,18030.0,22,11,1,88.61,601.0,5826.453125,1865.0369444444445
2025-10-12,Shed 4,74.3,10.0,20604.0,18540.0,15,2,1,89.98,618.0,5766.0884375000005,1885.4075
2025-11-12,Shed 1,71.7,4.0,20715.0,18540.0,27,16,1,89.5,618.0,5830.58328125,1896.2222222222222
2025-11-12,Shed 2,70.6,1.0,20332.0,18600.0,14,9,1,91.48,620.0,5954.171718750001,1902.967569444444
2025-11-12,Shed 3,76.6,1.0,20347.0,18060.0,15,17,1,88.76,602.0,5826.453125,1865.0369444444445
2025-11-12,Shed 4,74.4,3.0,20601.0,18360.0,8,3,1,89.12,612.0,5766.0884375000005,1885.4075
2025-12-12,Shed 1,72.1,4.0,20711.0,18060.0,9,7,1,87.2,602.0,5830.58328125,1896.2222222222222
2025-12-12,Shed 2,70.7,1.0,20331.0,18690.0,11,2,1,91.93,623.0,5954.171718750001,1902.967569444444
2025-12-12,Shed 3,76.7,2.0,20345.0,18000.0,21,17,1,88.47,600.0,5826.453125,1865.0369444444445
2025-12-12,Shed 4,74.5,5.0,20596.0,18390.0,4,4,1,89.29,613.0,5766.0884375000005,1885.4075
2025-12-12,Shed 1,72.1,4.0,20707.0,18060.0,9,7,1,87.22,602.0,5830.58328125,1896.2222222222222
2025-12-12,Shed 2,70.7,1.0,20330.0,18690.0,11,2,1,91.93,623.0,5954.171718750001,1902.967569444444
2025-12-12,Shed 3,76.7,2.0,20343.0,18000.0,21,17,1,88.48,600.0,5826.453125,1865.0369444444445
2025-12-12,Shed 4,74.5,5.0,20591.0,18390.0,4,4,1,89.31,613.0,5766.0884375000005,1885.4075
2025-12-13,Shed 1,72.2,3.0,20704.0,18330.0,13,7,1,88.53,611.0,5830.58328125,1896.2222222222222
2025-12-13,Shed 2,71.1,7.0,20323.0,18330.0,13,4,1,90.19,611.0,5954.171718750001,1902.967569444444
2025-12-13,Shed 3,77.1,6.0,20337.0,17850.0,11,13,1,87.77,595.0,5826.453125,1865.0369444444445
2025-12-13,Shed 4,74.6,6.0,20585.0,18300.0,8,10,1,88.9,610.0,5766.0884375000005,1885.4075
2025-12-14,Shed 1,72.3,3.0,20701.0,18390.0,20,14,1,88.84,613.0,5830.58328125,1896.2222222222222
2025-12-14,Shed 2,71.2,0.0,20323.0,18480.0,18,12,1,90.93,616.0,5954.171718750001,1902.967569444444
2025-12-14,Shed 3,77.2,2.0,20335.0,17820.0,18,13,1,87.63,594.0,5826.453125,1865.0369444444445
2025-12-14,Shed 4,74.7,7.0,20578.0,18360.0,7,17,1,89.22,612.0,5766.0884375000005,1885.4075
2025-12-15,Shed 1,72.4,8.0,20693.0,18240.0,21,14,1,88.15,608.0,5830.58328125,1896.2222222222222
2025-12-15,Shed 2,71.3,2.0,20321.0,18510.0,10,6,1,91.09,617.0,5954.171718750001,1902.967569444444
2025-12-15,Shed 3,77.3,6.0,20329.0,17850.0,20,18,1,87.81,595.0,5826.453125,1865.0369444444445
2025-12-15,Shed 4,75.1,7.0,20571.0,18450.0,9,17,1,89.69,615.0,5766.0884375000005,1885.4075
2025-12-16,Shed 1,72.5,10.0,20683.0,18000.0,24,16,1,87.03,600.0,5830.58328125,1896.2222222222222
2025-12-16,Shed 2,71.4,2.0,20319.0,18420.0,18,12,1,90.65,614.0,5954.171718750001,1902.967569444444
2025-12-16,Shed 3,77.4,5.0,20324.0,17820.0,23,13,1,87.68,594.0,5826.453125,1865.0369444444445
2025-12-16,Shed 4,75.2,3.0,20568.0,18600.0,18,6,2,90.43,620.0,5766.0884375000005,1885.4075
2025-12-17,Shed 1,72.6,4.0,20679.0,17880.0,19,16,1,86.46,596.0,5830.58328125,1896.2222222222222
2025-12-17,Shed 2,71.5,8.0,20311.0,18210.0,10,14,1,89.66,607.0,5954.171718750001,1902.967569444444
2025-12-17,Shed 3,77.5,2.0,20322.0,17670.0,15,13,1,86.95,589.0,5826.453125,1865.0369444444445
2025-12-17,Shed 4,75.3,2.0,20566.0,18000.0,18,11,2,87.52,600.0,5766.0884375000005,1885.4075
2025-12-18,Shed 1,72.7,2.0,20677.0,18060.0,15,17,1,87.34,602.0,5830.58328125,1896.2222222222222
2025-12-18,Shed 2,71.6,5.0,20306.0,18330.0,16,15,1,90.27,611.0,5954.171718750001,1902.967569444444
2025-12-18,Shed 3,77.6,3.0,20319.0,17760.0,18,12,1,87.41,592.0,5826.453125,1865.0369444444445
2025-12-18,Shed 4,75.4,6.0,20560.0,18060.0,15,10,2,87.84,602.0,5766.0884375000005,1885.4075
2025-12-19,Shed 1,73.1,2.0,20675.0,17850.0,19,17,1,86.34,595.0,5830.58328125,1896.2222222222222
2025-12-19,Shed 2,71.7,3.0,20303.0,18420.0,19,14,1,90.73,614.0,5954.171718750001,1902.967569444444
2025-12-19,Shed 3,77.7,2.0,20317.0,17550.0,22,19,1,86.38,585.0,5826.453125,1865.0369444444445
2025-12-19,Shed 4,75.5,5.0,20555.0,18000.0,8,18,1,87.57,600.0,5766.0884375000005,1885.4075
2025-12-20,Shed 1,73.2,4.0,20671.0,17850.0,16,11,1,86.35,595.0,5830.58328125,1896.2222222222222
2025-12-20,Shed 2,72.1,7.0,20276.0,17820.0,10,12,1,87.89,594.0,5954.171718750001,1902.967569444444
2025-12-20,Shed 3,78.1,2.0,20315.0,17610.0,15,13,1,86.68,587.0,5826.453125,1865.0369444444445
2025-12-20,Shed 4,75.6,6.0,20549.0,18060.0,7,18,1,87.89,602.0,5766.0884375000005,1885.4075
2025-12-21,Shed 1,73.3,4.0,20667.0,17850.0,18,17,1,86.37,595.0,5830.58328125,1896.2222222222222
2025-12-21,Shed 2,72.2,2.0,20274.0,17910.0,12,10,1,88.34,597.0,5954.171718750001,1902.967569444444
2025-12-21,Shed 3,78.2,4.0,20311.0,17430.0,22,11,1,85.82,581.0,5826.453125,1865.0369444444445
2025-12-21,Shed 4,75.7,6.0,20543.0,17760.0,14,7,1,86.45,592.0,5766.0884375000005,1885.4075
2025-12-22,Shed 1,73.4,2.0,20661.0,17880.0,13,8,1,86.54,596.0,5830.58328125,1896.2222222222222
2025-12-22,Shed 2,72.3,11.0,20259.0,18060.0,18,14,1,89.15,602.0,5954.171718750001,1902.967569444444
2025-12-22,Shed 3,78.3,4.0,20299.0,17430.0,19,13,1,85.87,581.0,5826.453125,1865.0369444444445
2025-12-22,Shed 4,76.1,5.0,20538.0,17760.0,10,17,1,86.47,592.0,5766.0884375000005,1885.4075
2025-12-23,Shed 1,73.5,3.0,20658.0,17850.0,13,8,1,86.41,595.0,5830.58328125,1896.2222222222222
2025-12-23,Shed 2,72.4,4.0,20255.0,17880.0,14,12,1,88.27,596.0,5954.171718750001,1902.967569444444
2025-12-23,Shed 3,78.4,9.0,20290.0,16830.0,11,19,1,82.95,561.0,5826.453125,1865.0369444444445
2025-12-23,Shed 4,76.2,8.0,20530.0,17730.0,13,12,1,86.36,591.0,5766.0884375000005,1885.4075
2025-12-24,Shed 1,73.6,2.0,20656.0,17730.0,12,9,1,85.83,591.0,5830.58328125,1896.2222222222222
2025-12-24,Shed 2,72.5,5.0,20250.0,17940.0,14,12,1,88.59,598.0,5954.171718750001,1902.967569444444
2025-12-24,Shed 3,78.5,3.0,20287.0,17400.0,22,11,1,85.77,580.0,5826.453125,1865.0369444444445
2025-12-24,Shed 4,76.3,8.0,20522.0,18030.0,21,18,1,87.86,601.0,5766.0884375000005,1885.4075
2025-12-25,Shed 1,73.7,6.0,20650.0,17880.0,12,8,1,86.59,596.0,5830.58328125,1896.2222222222222
2025-12-25,Shed 2,72.6,5.0,20245.0,17940.0,14,16,1,88.61,598.0,5954.171718750001,1902.967569444444
2025-12-25,Shed 3,78.6,6.0,20281.0,17520.0,22,17,1,86.39,584.0,5826.453125,1865.0369444444445
2025-12-25,Shed 4,76.4,4.0,20518.0,17970.0,20,28,1,87.58,599.0,5766.0884375000005,1885.4075
2025-12-26,Shed 1,74.1,3.0,20641.0,17910.0,12,10,1,86.77,597.0,5830.58328125,1896.2222222222222
2025-12-26,Shed 2,72.7,2.0,20237.0,18090.0,12,14,1,89.39,603.0,5954.171718750001,1902.967569444444
2025-12-26,Shed 3,78.7,3.0,20263.0,17550.0,18,12,1,86.61,585.0,5826.453125,1865.0369444444445
2025-12-26,Shed 4,76.5,7.0,20509.0,17910.0,16,15,1,87.33,597.0,5766.0884375000005,1885.4075
2025-12-27,Shed 1,74.2,4.0,20637.0,17910.0,7,10,1,86.79,597.0,5830.58328125,1896.2222222222222
2025-12-27,Shed 2,73.1,3.0,20234.0,17940.0,15,8,1,88.66,598.0,5954.171718750001,1902.967569444444
2025-12-27,Shed 3,79.1,6.0,20257.0,17610.0,18,11,1,86.93,587.0,5826.453125,1865.0369444444445
2025-12-27,Shed 4,76.6,4.0,20505.0,18000.0,10,15,1,87.78,600.0,5766.0884375000005,1885.4075
2025-12-28,Shed 1,74.3,5.0,20632.0,17760.0,18,14,1,86.08,592.0,5830.58328125,1896.2222222222222
2025-12-28,Shed 2,73.2,3.0,20231.0,18120.0,14,12,1,89.57,604.0,5954.171718750001,1902.967569444444
2025-12-28,Shed 3,79.2,4.0,20253.0,17700.0,21,9,1,87.39,590.0,5826.453125,1865.0369444444445
2025-12-28,Shed 4,76.7,7.0,20498.0,18000.0,20,15,1,87.81,600.0,5766.0884375000005,1885.4075
2025-12-29,Shed 1,74.4,3.0,20629.0,17910.0,17,12,1,86.82,597.0,5830.58328125,1896.2222222222222
2025-12-29,Shed 2,73.3,6.0,20225.0,17910.0,12,10,1,88.55,597.0,5954.171718750001,1902.967569444444
2025-12-29,Shed 3,79.3,3.0,20250.0,17490.0,24,14,1,86.37,583.0,5826.453125,1865.0369444444445
2025-12-29,Shed 4,77.1,4.0,20494.0,18030.0,13,20,1,87.98,601.0,5766.0884375000005,1885.4075
2025-12-30,Shed 1,74.5,5.0,20624.0,17940.0,15,9,1,86.99,598.0,5830.58328125,1896.2222222222222
2025-12-30,Shed 2,73.4,1.0,20224.0,17940.0,10,12,1,88.71,598.0,5954.171718750001,1902.967569444444
2025-12-30,Shed 3,79.4,6.0,20244.0,17430.0,21,17,1,86.1,581.0,5826.453125,1865.0369444444445
2025-12-30,Shed 4,77.2,5.0,20489.0,18030.0,10,35,1,88.0,601.0,5766.0884375000005,1885.4075
2025-12-31,Shed 1,74.6,3.0,20621.0,17760.0,22,16,1,86.13,592.0,5830.58328125,1896.2222222222222
2025-12-31,Shed 2,73.5,4.0,20220.0,18030.0,21,12,1,89.17,601.0,5954.171718750001,1902.967569444444
2025-12-31,Shed 3,79.5,4.0,20240.0,17220.0,25,19,1,85.08,574.0,5826.453125,1865.0369444444445
2025-12-31,Shed 4,77.3,5.0,20484.0,17820.0,12,26,1,86.99,594.0,5766.0884375000005,1885.4075
2026-01-01,Shed 1,74.7,3.0,20618.0,17430.0,13,7,1,84.54,581.0,5830.58328125,1896.2222222222222
2026-01-01,Shed 2,73.6,2.0,20218.0,17400.0,12,10,1,86.06,580.0,5954.171718750001,1902.967569444444
2026-01-01,Shed 3,79.6,3.0,20237.0,16950.0,22,19,1,83.76,565.0,5826.453125,1865.0369444444445
2026-01-01,Shed 4,77.4,7.0,20477.0,17460.0,20,19,1,85.27,582.0,5766.0884375000005,1885.4075
2026-02-01,Shed 1,75.1,3.0,20615.0,17850.0,13,9,1,86.59,595.0,5830.58328125,1896.2222222222222
2026-02-01,Shed 2,73.7,4.0,20214.0,18090.0,24,16,1,89.49,603.0,5954.171718750001,1902.967569444444
2026-02-01,Shed 3,79.7,6.0,20231.0,17640.0,24,11,1,87.19,588.0,5826.453125,1865.0369444444445
2026-02-01,Shed 4,77.5,2.0,20475.0,18030.0,21,18,1,88.06,601.0,5766.0884375000005,1885.4075
2026-03-01,Shed 1,75.2,3.0,20612.0,17700.0,24,13,1,85.87,590.0,5830.58328125,1896.2222222222222
2026-03-01,Shed 2,74.1,5.0,20209.0,17280.0,14,12,1,85.51,576.0,5954.171718750001,1902.967569444444
2026-03-01,Shed 3,80.1,6.0,20225.0,17400.0,27,17,1,86.03,580.0,5826.453125,1865.0369444444445
2026-03-01,Shed 4,77.6,5.0,20470.0,17580.0,1,23,1,85.88,586.0,5766.0884375000005,1885.4075
2026-04-01,Shed 1,75.3,2.0,20610.0,17700.0,21,16,1,85.88,590.0,5830.58328125,1896.2222222222222
2026-04-01,Shed 2,74.2,8.0,20201.0,17730.0,13,12,1,87.77,591.0,5954.171718750001,1902.967569444444
2026-04-01,Shed 3,80.2,4.0,20221.0,17550.0,21,11,1,86.79,585.0,5826.453125,1865.0369444444445
2026-04-01,Shed 4,77.7,6.0,20464.0,17910.0,13,17,1,87.52,597.0,5766.0884375000005,1885.4075
2026-05-01,Shed 1,75.4,4.0,20606.0,17880.0,13,9,1,86.77,596.0,5830.58328125,1896.2222222222222
2026-05-01,Shed 2,74.3,3.0,20198.0,18090.0,16,13,1,89.56,603.0,5954.171718750001,1902.967569444444
2026-05-01,Shed 3,80.3,3.0,20218.0,17550.0,22,18,1,86.8,585.0,5826.453125,1865.0369444444445
2026-05-01,Shed 4,78.1,2.0,20462.0,17820.0,19,25,1,87.09,594.0,5766.0884375000005,1885.4075
2026-06-01,Shed 1,75.5,3.0,20603.0,17880.0,30,18,2,86.78,596.0,5830.58328125,1896.2222222222222
2026-06-01,Shed 2,74.4,2.0,20196.0,17700.0,18,14,1,87.64,590.0,5954.171718750001,1902.967569444444
2026-06-01,Shed 3,80.4,1.0,20217.0,17160.0,23,14,1,84.88,572.0,5826.453125,1865.0369444444445
2026-06-01,Shed 4,78.2,2.0,20460.0,17550.0,6,18,1,85.78,585.0,5766.0884375000005,1885.4075
2026-07-01,Shed 1,75.6,8.0,20595.0,17700.0,24,17,1,85.94,590.0,5830.58328125,1896.2222222222222
2026-07-01,Shed 2,74.5,6.0,20190.0,18060.0,15,13,1,89.45,602.0,5954.171718750001,1902.967569444444
2026-07-01,Shed 3,80.5,4.0,20213.0,17310.0,18,17,1,85.64,577.0,5826.453125,1865.0369444444445
2026-07-01,Shed 4,78.3,4.0,20456.0,17550.0,6,13,1,85.79,585.0,5766.0884375000005,1885.4075
2026-08-01,Shed 1,75.7,7.0,20588.0,17700.0,18,14,1,85.97,590.0,5830.58328125,1896.2222222222222
2026-08-01,Shed 2,74.6,4.0,20186.0,17520.0,16,17,1,86.79,584.0,5954.171718750001,1902.967569444444
2026-08-01,Shed 3,80.6,5.0,20208.0,17490.0,30,15,1,86.55,583.0,5826.453125,1865.0369444444445
2026-08-01,Shed 4,78.4,5.0,20451.0,17910.0,13,24,1,87.58,597.0,5766.0884375000005,1885.4075
2026-09-01,Shed 1,76.1,4.0,20584.0,17700.0,17,13,1,85.99,590.0,5830.58328125,1896.2222222222222
2026-09-01,Shed 2,74.7,3.0,20183.0,17790.0,10,13,1,88.14,593.0,5954.171718750001,1902.967569444444
2026-09-01,Shed 3,80.7,3.0,20205.0,17130.0,28,18,1,84.78,571.0,5826.453125,1865.0369444444445
2026-09-01,Shed 4,78.5,5.0,20446.0,17250.0,8,20,1,84.37,575.0,5766.0884375000005,1885.4075
2026-10-01,Shed 1,76.2,3.0,20581.0,17640.0,16,14,1,85.71,588.0,5830.58328125,1896.2222222222222
2026-10-01,Shed 2,75.1,7.0,20176.0,17460.0,25,12,1,86.54,582.0,5954.171718750001,1902.967569444444
2026-10-01,Shed 3,81.1,5.0,20200.0,17340.0,30,17,1,85.84,578.0,5826.453125,1865.0369444444445
2026-10-01,Shed 4,78.6,4.0,20442.0,17880.0,5,16,1,87.47,596.0,5766.0884375000005,1885.4075
2026-11-01,Shed 1,76.3,5.0,20576.0,17640.0,16,13,1,85.73,588.0,5830.58328125,1896.2222222222222
2026-11-01,Shed 2,75.2,2.0,20174.0,17580.0,12,13,1,87.14,586.0,5954.171718750001,1902.967569444444
2026-11-01,Shed 3,81.2,3.0,20197.0,17340.0,25,18,1,85.85,578.0,5826.453125,1865.0369444444445
2026-11-01,Shed 4,78.7,5.0,20437.0,17880.0,12,24,1,87.49,596.0,5766.0884375000005,1885.4075
2026-12-01,Shed 1,76.4,7.0,20569.0,17790.0,16,12,1,86.49,593.0,5830.58328125,1896.2222222222222
2026-12-01,Shed 2,75.3,5.0,20169.0,17730.0,10,9,1,87.91,591.0,5954.171718750001,1902.967569444444
2026-12-01,Shed 3,81.3,4.0,20193.0,17280.0,30,19,1,85.57,576.0,5826.453125,1865.0369444444445
2026-12-01,Shed 4,79.1,3.0,20434.0,17790.0,3,28,1,87.06,593.0,5766.0884375000005,1885.4075
2026-01-13,Shed 1,76.5,6.0,20563.0,17850.0,14,9,1,86.81,595.0,5830.58328125,1896.2222222222222
2026-01-13,Shed 2,75.4,4.0,20165.0,17790.0,13,12,1,88.22,593.0,5954.171718750001,1902.967569444444
2026-01-13,Shed 3,81.4,2.0,20191.0,17130.0,18,11,1,84.84,571.0,5826.453125,1865.0369444444445
2026-01-13,Shed 4,79.2,7.0,20427.0,17400.0,25,45,1,85.18,580.0,5766.0884375000005,1885.4075
2026-01-14,Shed 1,76.6,8.0,20555.0,17910.0,17,13,1,87.13,597.0,5830.58328125,1896.2222222222222
2026-01-14,Shed 2,75.5,7.0,20158.0,17790.0,14,22,1,88.25,593.0,5954.171718750001,1902.967569444444
2026-01-14,Shed 3,81.5,10.0,20181.0,17130.0,16,14,1,84.88,571.0,5826.453125,1865.0369444444445
2026-01-14,Shed 4,79.3,2.0,20425.0,17910.0,30,24,1,87.69,597.0,5766.0884375000005,1885.4075
2026-01-15,Shed 1,76.7,8.0,20547.0,18030.0,21,16,1,87.75,601.0,5830.58328125,1896.2222222222222
2026-01-15,Shed 2,75.6,6.0,20152.0,17970.0,14,24,1,89.17,599.0,5954.171718750001,1902.967569444444
2026-01-15,Shed 3,81.6,5.0,20176.0,17190.0,22,17,1,85.2,573.0,5826.453125,1865.0369444444445
2026-01-15,Shed 4,79.4,3.0,20422.0,18090.0,19,19,1,88.58,603.0,5766.0884375000005,1885.4075
2026-01-16,Shed 1,77.1,2.0,20545.0,17820.0,24,18,1,86.74,594.0,5830.58328125,1896.2222222222222
2026-01-16,Shed 2,75.7,3.0,20130.0,17790.0,10,25,1,88.38,593.0,5954.171718750001,1902.967569444444
2026-01-16,Shed 3,81.7,3.0,20166.0,17220.0,29,18,1,85.39,574.0,5826.453125,1865.0369444444445
2026-01-16,Shed 4,79.5,3.0,20402.0,17730.0,30,31,1,86.9,591.0,5766.0884375000005,1885.4075
2026-01-16,Shed 1,77.1,2.0,20543.0,17820.0,24,18,1,86.74,594.0,5830.58328125,1896.2222222222222
2026-01-16,Shed 2,75.7,3.0,20108.0,17790.0,10,25,1,88.47,593.0,5954.171718750001,1902.967569444444
2026-01-16,Shed 3,81.7,3.0,20156.0,17220.0,29,18,1,85.43,574.0,5826.453125,1865.0369444444445
2026-01-16,Shed 4,79.5,3.0,20382.0,17730.0,30,31,1,86.99,591.0,5766.0884375000005,1885.4075
2026-01-17,Shed 1,77.2,8.0,20535.0,17850.0,18,14,1,86.92,595.0,5830.58328125,1896.2222222222222
2026-01-17,Shed 2,76.1,3.0,20105.0,17850.0,20,22,1,88.78,595.0,5954.171718750001,1902.967569444444
2026-01-17,Shed 3,82.1,3.0,20153.0,17190.0,28,14,1,85.3,573.0,5826.453125,1865.0369444444445
2026-01-17,Shed 4,79.6,2.0,20380.0,17550.0,6,30,1,86.11,585.0,5766.0884375000005,1885.4075
2026-01-18,Shed 1,77.3,6.0,20529.0,17850.0,29,21,1,86.95,595.0,5830.58328125,1896.2222222222222
2026-01-18,Shed 2,76.2,4.0,20101.0,17640.0,22,20,1,87.76,588.0,5954.171718750001,1902.967569444444
2026-01-18,Shed 3,82.2,6.0,20147.0,17400.0,22,14,1,86.37,580.0,5826.453125,1865.0369444444445
2026-01-18,Shed 4,79.7,4.0,20376.0,18090.0,19,29,1,88.78,603.0,5766.0884375000005,1885.4075
2026-01-19,Shed 1,77.4,4.0,20525.0,17730.0,21,10,1,86.38,591.0,5830.58328125,1896.2222222222222
2026-01-19,Shed 2,76.3,9.0,20092.0,17820.0,12,9,1,88.69,594.0,5954.171718750001,1902.967569444444
2026-01-19,Shed 3,82.3,4.0,20143.0,17250.0,23,17,1,85.64,575.0,5826.453125,1865.0369444444445
2026-01-19,Shed 4,80.1,6.0,20370.0,18090.0,18,10,1,88.81,603.0,5766.0884375000005,1885.4075
2026-01-20,Shed 1,77.5,4.0,20521.0,17760.0,21,14,1,86.55,592.0,5830.58328125,1896.2222222222222
2026-01-20,Shed 2,76.4,5.0,20087.0,17700.0,20,15,1,88.12,590.0,5954.171718750001,1902.967569444444
2026-01-20,Shed 3,82.4,4.0,20139.0,17130.0,16,14,1,85.06,571.0,5826.453125,1865.0369444444445
2026-01-20,Shed 4,80.2,6.0,20364.0,17850.0,11,17,1,87.65,595.0,5766.0884375000005,1885.4075
2026-01-21,Shed 1,77.6,5.0,20516.0,17430.0,21,9,1,84.96,581.0,5830.58328125,1896.2222222222222
2026-01-21,Shed 2,76.5,1.0,20086.0,17580.0,24,17,1,87.52,586.0,5954.171718750001,1902.967569444444
2026-01-21,Shed 3,82.5,5.0,20134.0,17100.0,19,13,1,84.93,570.0,5826.453125,1865.0369444444445
2026-01-21,Shed 4,80.3,3.0,20361.0,17670.0,14,18,1,86.78,589.0,5766.0884375000005,1885.4075
2026-01-22,Shed 1,77.7,15.0,20501.0,17340.0,21,40,1,84.58,578.0,5830.58328125,1896.2222222222222
2026-01-22,Shed 2,76.6,3.0,20083.0,17640.0,14,16,1,87.84,588.0,5954.171718750001,1902.967569444444
2026-01-22,Shed 3,82.6,3.0,20131.0,16950.0,22,18,1,84.2,565.0,5826.453125,1865.0369444444445
2026-01-22,Shed 4,80.4,8.0,20353.0,17490.0,11,24,1,85.93,583.0,5766.0884375000005,1885.4075
2026-01-23,Shed 1,78.1,4.0,20497.0,17400.0,23,34,1,84.89,580.0,5830.58328125,1896.2222222222222
2026-01-23,Shed 2,76.7,5.0,20078.0,17730.0,17,23,1,88.31,591.0,5954.171718750001,1902.967569444444
2026-01-23,Shed 3,82.7,2.0,20129.0,17160.0,24,18,1,85.25,572.0,5826.453125,1865.0369444444445
2026-01-23,Shed 4,80.5,6.0,20347.0,18030.0,27,35,1,88.61,601.0,5766.0884375000005,1885.4075
2026-01-24,Shed 1,78.2,4.0,20489.0,16830.0,16,46,1,82.14,561.0,5830.58328125,1896.2222222222222
2026-01-24,Shed 2,77.1,2.0,20053.0,17160.0,12,32,1,85.57,572.0,5954.171718750001,1902.967569444444
2026-01-24,Shed 3,83.1,4.0,20120.0,16590.0,19,40,1,82.46,553.0,5826.453125,1865.0369444444445
2026-01-24,Shed 4,80.6,4.0,20343.0,17460.0,18,38,1,85.83,582.0,5766.0884375000005,1885.4075
2026-01-25,Shed 1,78.3,3.0,20486.0,14790.0,20,24,1,72.2,493.0,5830.58328125,1896.2222222222222
2026-01-25,Shed 2,77.2,2.0,20051.0,16380.0,14,26,1,81.69,546.0,5954.171718750001,1902.967569444444
2026-01-25,Shed 3,83.2,5.0,20115.0,15270.0,26,35,1,75.91,509.0,5826.453125,1865.0369444444445
2026-01-25,Shed 4,80.7,4.0,20339.0,15390.0,17,25,1,75.67,513.0,5766.0884375000005,1885.4075
2026-01-26,Shed 1,78.4,7.0,20479.0,14820.0,18,24,1,72.37,494.0,5830.58328125,1896.2222222222222
2026-01-26,Shed 2,77.3,10.0,20041.0,16680.0,14,29,1,83.23,556.0,5954.171718750001,1902.967569444444
2026-01-26,Shed 3,83.3,2.0,20113.0,15990.0,24,27,1,79.5,533.0,5826.453125,1865.0369444444445
2026-01-26,Shed 4,81.1,4.0,20335.0,16410.0,28,30,1,80.7,547.0,5766.0884375000005,1885.4075
2026-01-27,Shed 1,78.5,139.0,20340.0,15210.0,10,25,1,74.78,507.0,5830.58328125,1896.2222222222222
2026-01-27,Shed 2,77.4,45.0,19996.0,16920.0,25,60,1,84.62,564.0,5954.171718750001,1902.967569444444
2026-01-27,Shed 3,83.4,59.0,20054.0,15990.0,22,30,1,79.73,533.0,5826.453125,1865.0369444444445
2026-01-27,Shed 4,81.2,44.0,20291.0,16860.0,34,30,1,83.09,562.0,5766.0884375000005,1885.4075
2026-01-28,Shed 1,78.6,364.0,19946.0,14790.0,20,16,1,74.15,493.0,5830.58328125,1896.2222222222222
2026-01-28,Shed 2,77.5,88.0,19880.0,16860.0,7,27,1,84.81,562.0,5954.171718750001,1902.967569444444
2026-01-28,Shed 3,83.5,152.0,19829.0,15900.0,28,25,1,80.19,530.0,5826.453125,1865.0369444444445
2026-01-28,Shed 4,81.3,74.0,20200.0,16770.0,17,16,1,83.02,559.0,5766.0884375000005,1885.4075
2026-01-29,Shed 1,78.7,280.0,19666.0,15360.0,18,35,1,78.1,512.0,5830.58328125,1896.2222222222222
2026-01-29,Shed 2,77.6,59.0,19821.0,16860.0,15,25,1,85.06,562.0,5954.171718750001,1902.967569444444
2026-01-29,Shed 3,83.6,135.0,19694.0,15900.0,30,20,1,80.74,530.0,5826.453125,1865.0369444444445
2026-01-29,Shed 4,81.4,54.0,20146.0,16920.0,9,10,1,83.99,564.0,5766.0884375000005,1885.4075
2026-01-30,Shed 1,79.1,91.0,19431.0,14610.0,15,32,1,75.19,487.0,5830.58328125,1896.2222222222222
2026-01-30,Shed 2,77.7,43.0,19778.0,16290.0,10,32,1,82.36,543.0,5954.171718750001,1902.967569444444
2026-01-30,Shed 3,83.7,105.0,19589.0,15630.0,30,25,1,79.79,521.0,5826.453125,1865.0369444444445
2026-01-30,Shed 4,81.5,63.0,20083.0,16800.0,29,18,1,83.65,560.0,5766.0884375000005,1885.4075
2026-01-31,Shed 1,79.2,41.0,19320.0,14520.0,21,30,1,75.16,484.0,5830.58328125,1896.2222222222222
2026-01-31,Shed 2,78.1,10.0,19708.0,16470.0,10,38,1,83.57,549.0,5954.171718750001,1902.967569444444
2026-01-31,Shed 3,84.1,20.0,19355.0,14940.0,23,25,1,77.19,498.0,5826.453125,1865.0369444444445
2026-01-31,Shed 4,81.6,7.0,19928.0,16110.0,29,13,1,80.84,537.0,5766.0884375000005,1885.4075
2026-01-02,Shed 1,79.3,10.0,19228.0,14880.0,25,28,1,77.39,496.0,5830.58328125,1896.2222222222222
2026-01-02,Shed 2,78.2,13.0,19689.0,16680.0,18,48,1,84.72,556.0,5954.171718750001,1902.967569444444
2026-01-02,Shed 3,84.2,15.0,19377.0,15480.0,19,18,1,79.89,516.0,5826.453125,1865.0369444444445
2026-01-02,Shed 4,81.7,8.0,19920.0,16380.0,29,26,1,82.23,546.0,5766.0884375000005,1885.4075
2026-01-02,Shed 1,79.3,10.0,19228.0,14880.0,25,28,1,77.39,496.0,5830.58328125,1896.2222222222222
2026-01-02,Shed 2,78.2,13.0,19689.0,16680.0,18,48,1,84.72,556.0,5954.171718750001,1902.967569444444
2026-01-02,Shed 3,84.2,15.0,19377.0,15480.0,19,18,1,79.89,516.0,5826.453125,1865.0369444444445
2026-01-02,Shed 4,81.7,8.0,19920.0,16380.0,29,26,1,82.23,546.0,5766.0884375000005,1885.4075
2026-02-02,Shed 1,79.4,7.0,19189.0,14940.0,20,20,1,77.86,498.0,5830.58328125,1896.2222222222222
2026-02-02,Shed 2,78.3,11.0,19666.0,16530.0,25,24,1,84.05,551.0,5954.171718750001,1902.967569444444
2026-02-02,Shed 3,84.3,9.0,19375.0,15420.0,29,19,1,79.59,514.0,5826.453125,1865.0369444444445
2026-02-02,Shed 4,82.1,13.0,19907.0,16740.0,22,17,1,84.09,558.0,5766.0884375000005,1885.4075
2026-03-02,Shed 1,79.5,25.0,19164.0,15210.0,8,26,1,79.37,507.0,5830.58328125,1896.2222222222222
2026-03-02,Shed 2,78.4,7.0,19659.0,16710.0,10,26,1,85.0,557.0,5954.171718750001,1902.967569444444
2026-03-02,Shed 3,84.4,14.0,19361.0,15450.0,11,18,1,79.8,515.0,5826.453125,1865.0369444444445
2026-03-02,Shed 4,82.2,7.0,19900.0,16740.0,32,17,1,84.12,558.0,5766.0884375000005,1885.4075
2026-04-02,Shed 1,79.6,17.0,19147.0,15120.0,14,31,1,78.97,504.0,5830.58328125,1896.2222222222222
2026-04-02,Shed 2,78.5,2.0,19657.0,16800.0,21,46,1,85.47,560.0,5954.171718750001,1902.967569444444
2026-04-02,Shed 3,84.5,8.0,19353.0,15450.0,30,18,1,79.83,515.0,5826.453125,1865.0369444444445
2026-04-02,Shed 4,82.3,7.0,19893.0,16620.0,30,14,1,83.55,554.0,5766.0884375000005,1885.4075
2026-05-02,Shed 1,79.7,19.0,19128.0,15360.0,10,28,1,80.3,512.0,5830.58328125,1896.2222222222222
2026-05-02,Shed 2,78.6,7.0,19650.0,16770.0,13,33,1,85.34,559.0,5954.171718750001,1902.967569444444
2026-05-02,Shed 3,84.6,13.0,19340.0,15840.0,19,17,1,81.9,528.0,5826.453125,1865.0369444444445
2026-05-02,Shed 4,82.4,8.0,19885.0,16890.0,17,31,1,84.94,563.0,5766.0884375000005,1885.4075
2026-06-02,Shed 1,80.1,9.0,19102.0,15510.0,18,30,2,81.2,517.0,5830.58328125,1896.2222222222222
2026-06-02,Shed 2,78.7,2.0,19627.0,17100.0,7,38,1,87.12,570.0,5954.171718750001,1902.967569444444
2026-06-02,Shed 3,84.7,12.0,19328.0,15720.0,22,18,1,81.33,524.0,5826.453125,1865.0369444444445
2026-06-02,Shed 4,82.5,6.0,19879.0,17130.0,32,17,2,86.17,571.0,5766.0884375000005,1885.4075
2026-07-02,Shed 1,80.2,5.0,18936.0,15420.0,20,30,2,81.43,514.0,5830.58328125,1896.2222222222222
2026-07-02,Shed 2,79.1,7.0,19620.0,16800.0,10,20,2,85.63,560.0,5954.171718750001,1902.967569444444
2026-07-02,Shed 3,85.1,9.0,19319.0,16080.0,19,14,1,83.23,536.0,5826.453125,1865.0369444444445
2026-07-02,Shed 4,82.6,8.0,19871.0,16950.0,32,24,2,85.3,565.0,5766.0884375000005,1885.4075
2026-08-02,Shed 1,80.3,10.0,18926.0,15510.0,22,25,2,81.95,517.0,5830.58328125,1896.2222222222222
2026-08-02,Shed 2,79.2,6.0,19614.0,16920.0,17,30,1,86.26,564.0,5954.171718750001,1902.967569444444
2026-08-02,Shed 3,85.2,9.0,19310.0,15930.0,28,13,1,82.5,531.0,5826.453125,1865.0369444444445
2026-08-02,Shed 4,82.7,8.0,19863.0,17160.0,17,18,2,86.39,572.0,5766.0884375000005,1885.4075
2026-09-02,Shed 1,80.4,5.0,18921.0,15210.0,20,18,1,80.39,507.0,5830.58328125,1896.2222222222222
2026-09-02,Shed 2,79.3,5.0,19609.0,16590.0,27,33,1,84.6,553.0,5954.171718750001,1902.967569444444
2026-09-02,Shed 3,85.3,5.0,19305.0,15840.0,21,13,1,82.05,528.0,5826.453125,1865.0369444444445
2026-09-02,Shed 4,83.1,8.0,19855.0,16440.0,29,28,1,82.8,548.0,5766.0884375000005,1885.4075
2026-10-02,Shed 1,80.5,20.0,18901.0,15120.0,19,18,1,80.0,504.0,5830.58328125,1896.2222222222222
2026-10-02,Shed 2,79.4,9.0,19600.0,16650.0,17,21,1,84.95,555.0,5954.171718750001,1902.967569444444
2026-10-02,Shed 3,85.4,10.0,19295.0,15810.0,17,27,1,81.94,527.0,5826.453125,1865.0369444444445
2026-10-02,Shed 4,83.2,5.0,19850.0,16560.0,29,17,1,83.43,552.0,5766.0884375000005,1885.4075
2026-11-02,Shed 1,80.6,20.0,18881.0,15180.0,18,27,1,80.4,506.0,5830.58328125,1896.2222222222222
2026-11-02,Shed 2,79.5,6.0,19594.0,16680.0,30,17,1,85.13,556.0,5954.171718750001,1902.967569444444
2026-11-02,Shed 3,85.5,17.0,19278.0,15990.0,13,22,1,82.94,533.0,5826.453125,1865.0369444444445
2026-11-02,Shed 4,83.3,8.0,19842.0,16680.0,25,26,1,84.06,556.0,5766.0884375000005,1885.4075
2026-12-02,Shed 1,80.7,10.0,18871.0,15300.0,15,22,1,81.08,510.0,5830.58328125,1896.2222222222222
2026-12-02,Shed 2,79.6,11.0,19583.0,16650.0,12,13,1,85.02,555.0,5954.171718750001,1902.967569444444
2026-12-02,Shed 3,85.6,16.0,19262.0,15780.0,26,27,1,81.92,526.0,5826.453125,1865.0369444444445
2026-12-02,Shed 4,83.4,4.0,19838.0,16620.0,30,34,1,83.78,554.0,5766.0884375000005,1885.4075
2026-02-13,Shed 1,81.1,13.0,18858.0,15210.0,20,30,1,80.66,507.0,5830.58328125,1896.2222222222222
2026-02-13,Shed 2,79.7,5.0,19578.0,17040.0,20,10,1,87.04,568.0,5954.171718750001,1902.967569444444
2026-02-13,Shed 3,85.7,9.0,19253.0,16050.0,34,60,1,83.36,535.0,5826.453125,1865.0369444444445
2026-02-13,Shed 4,83.5,4.0,19834.0,16770.0,28,32,1,84.55,559.0,5766.0884375000005,1885.4075
2026-02-14,Shed 1,81.2,6.0,18852.0,15270.0,18,21,1,81.0,509.0,5830.58328125,1896.2222222222222
2026-02-14,Shed 2,80.1,4.0,19574.0,16560.0,27,19,1,84.6,552.0,5954.171718750001,1902.967569444444
2026-02-14,Shed 3,86.1,9.0,19244.0,15870.0,14,42,1,82.47,529.0,5826.453125,1865.0369444444445
2026-02-14,Shed 4,83.6,3.0,19831.0,16740.0,24,31,2,84.41,558.0,5766.0884375000005,1885.4075
2026-02-15,Shed 1,81.3,12.0,18840.0,15330.0,12,12,1,81.37,511.0,5830.58328125,1896.2222222222222
2026-02-15,Shed 2,80.2,5.0,19569.0,16950.0,21,9,1,86.62,565.0,5954.171718750001,1902.967569444444
2026-02-15,Shed 3,86.2,9.0,19235.0,15990.0,30,60,1,83.13,533.0,5826.453125,1865.0369444444445
2026-02-15,Shed 4,83.7,5.0,19826.0,16740.0,36,27,1,84.43,558.0,5766.0884375000005,1885.4075
2026-02-16,Shed 1,81.4,10.0,18830.0,15330.0,9,21,1,81.41,511.0,5830.58328125,1896.2222222222222
2026-02-16,Shed 2,80.3,5.0,19564.0,16860.0,22,8,1,86.18,562.0,5954.171718750001,1902.967569444444
2026-02-16,Shed 3,86.3,11.0,19224.0,16110.0,30,45,1,83.8,537.0,5826.453125,1865.0369444444445
2026-02-16,Shed 4,84.1,7.0,19819.0,16770.0,21,15,1,84.62,559.0,5766.0884375000005,1885.4075
2026-02-17,Shed 1,81.5,4.0,18826.0,14970.0,20,32,1,79.52,499.0,5830.58328125,1896.2222222222222
2026-02-17,Shed 2,80.4,10.0,19554.0,16740.0,14,9,2,85.61,558.0,5954.171718750001,1902.967569444444
2026-02-17,Shed 3,86.4,16.0,19208.0,15780.0,30,64,1,82.15,526.0,5826.453125,1865.0369444444445
2026-02-17,Shed 4,84.2,8.0,19811.0,16920.0,32,30,1,85.41,564.0,5766.0884375000005,1885.4075
2026-02-19,Shed 1,81.7,6.0,18820.0,14820.0,120,32,1,78.75,494.0,5830.58328125,1896.2222222222222
2026-02-19,Shed 2,80.6,8.0,19546.0,16200.0,12,6,1,82.88,540.0,5954.171718750001,1902.967569444444
2026-02-19,Shed 3,86.6,9.0,19199.0,15570.0,20,15,1,81.1,519.0,5826.453125,1865.0369444444445
2026-02-19,Shed 4,84.4,8.0,19803.0,16620.0,34,30,1,83.93,554.0,5766.0884375000005,1885.4075
2026-02-20,Shed 1,82.1,9.0,18811.0,14490.0,11,28,1,77.03,483.0,5830.58328125,1896.2222222222222
2026-02-20,Shed 2,80.7,3.0,19543.0,16170.0,22,20,1,82.74,539.0,5954.171718750001,1902.967569444444
2026-02-20,Shed 3,86.7,15.0,19184.0,15330.0,24,9,1,79.91,511.0,5826.453125,1865.0369444444445
2026-02-20,Shed 4,84.5,8.0,19795.0,16080.0,33,28,1,81.23,536.0,5766.0884375000005,1885.4075
2026-02-21,Shed 1,82.2,13.0,18798.0,14940.0,22,40,1,79.48,498.0,5830.58328125,1896.2222222222222
2026-02-21,Shed 2,81.1,5.0,19538.0,16380.0,8,10,1,83.84,546.0,5954.171718750001,1902.967569444444
2026-02-21,Shed 3,87.1,12.0,19172.0,15570.0,32,14,1,81.21,519.0,5826.453125,1865.0369444444445
2026-02-21,Shed 4,84.6,6.0,19789.0,16830.0,30,31,1,85.05,561.0,5766.0884375000005,1885.4075
2026-02-22,Shed 1,82.3,14.0,18784.0,14880.0,16,37,1,79.22,496.0,5830.58328125,1896.2222222222222
2026-02-22,Shed 2,81.2,9.0,19529.0,16200.0,8,6,1,82.95,540.0,5954.171718750001,1902.967569444444
2026-02-22,Shed 3,87.2,10.0,19162.0,15480.0,32,18,1,80.78,516.0,5826.453125,1865.0369444444445
2026-02-22,Shed 4,84.7,7.0,19782.0,16410.0,32,20,1,82.95,547.0,5766.0884375000005,1885.4075
2026-02-23,Shed 1,82.4,11.0,18773.0,14850.0,17,24,1,79.1,495.0,5830.58328125,1896.2222222222222
2026-02-23,Shed 2,81.3,5.0,19524.0,16380.0,8,11,1,83.9,546.0,5954.171718750001,1902.967569444444
2026-02-23,Shed 3,87.3,13.0,19149.0,15420.0,28,14,1,80.53,514.0,5826.453125,1865.0369444444445
2026-02-23,Shed 4,85.1,10.0,19772.0,16230.0,17,27,1,82.09,541.0,5766.0884375000005,1885.4075
2026-02-24,Shed 1,82.5,3.0,18770.0,14640.0,9,16,1,78.0,488.0,5830.58328125,1896.2222222222222
2026-02-24,Shed 2,81.4,5.0,19519.0,16380.0,8,15,1,83.92,546.0,5954.171718750001,1902.967569444444
2026-02-24,Shed 3,87.4,7.0,19142.0,15390.0,30,60,1,80.4,513.0,5826.453125,1865.0369444444445
2026-02-24,Shed 4,85.2,10.0,19762.0,16290.0,34,32,1,82.43,543.0,5766.0884375000005,1885.4075
2026-02-25,Shed 1,82.6,11.0,18759.0,15090.0,11,17,1,80.44,503.0,5830.58328125,1896.2222222222222
2026-02-25,Shed 2,81.5,6.0,19513.0,16170.0,10,10,1,82.87,539.0,5954.171718750001,1902.967569444444
2026-02-25,Shed 3,87.5,13.0,19129.0,15390.0,28,26,1,80.45,513.0,5826.453125,1865.0369444444445
2026-02-25,Shed 4,85.3,6.0,19756.0,16290.0,22,19,1,82.46,543.0,5766.0884375000005,1885.4075
2026-02-26,Shed 1,82.7,4.0,18755.0,14700.0,17,30,1,78.38,490.0,5830.58328125,1896.2222222222222
2026-02-26,Shed 2,81.6,8.0,19505.0,16170.0,19,13,1,82.9,539.0,5954.171718750001,1902.967569444444
2026-02-26,Shed 3,87.6,9.0,19120.0,14370.0,27,32,1,75.16,479.0,5826.453125,1865.0369444444445
2026-02-26,Shed 4,85.4,4.0,19752.0,15420.0,21,29,1,78.07,514.0,5766.0884375000005,1885.4075
2026-02-27,Shed 1,83.1,6.0,18729.0,14760.0,15,8,1,78.81,492.0,5830.58328125,1896.2222222222222
2026-02-27,Shed 2,81.7,6.0,19499.0,16080.0,8,6,1,82.47,536.0,5954.171718750001,1902.967569444444
2026-02-27,Shed 3,87.7,7.0,19113.0,15540.0,28,32,1,81.31,518.0,5826.453125,1865.0369444444445
2026-02-27,Shed 4,85.5,3.0,19749.0,16410.0,23,15,1,83.09,547.0,5766.0884375000005,1885.4075
2026-02-28,Shed 1,83.2,8.0,18698.0,13500.0,21,10,1,72.2,450.0,5830.58328125,1896.2222222222222
2026-02-28,Shed 2,82.1,9.0,19490.0,14280.0,10,6,0,73.27,476.0,5954.171718750001,1902.967569444444
2026-02-28,Shed 3,88.1,6.0,19107.0,13200.0,36,14,1,69.08,440.0,5826.453125,1865.0369444444445
2026-02-28,Shed 4,85.6,6.0,19743.0,14460.0,35,16,1,73.24,482.0,5766.0884375000005,1885.4075
2026-01-03,Shed 1,83.3,12.0,18670.0,11880.0,20,5,1,63.63,396.0,5830.58328125,1896.2222222222222
2026-01-03,Shed 2,82.2,9.0,19481.0,11730.0,10,8,13 pcs,60.21,391.0,5954.171718750001,1902.967569444444
2026-01-03,Shed 3,88.2,7.0,19100.0,10860.0,38,12,14 pcs,56.86,362.0,5826.453125,1865.0369444444445
2026-01-03,Shed 4,85.7,11.0,19732.0,13050.0,16,8,1,66.14,435.0,5766.0884375000005,1885.4075
2026-02-03,Shed 1,83.4,14.0,18640.0,8130.0,17,8,1,43.62,271.0,5830.58328125,1896.2222222222222
2026-02-03,Shed 2,82.3,13.0,19468.0,7230.0,4,3,5 pcs,37.14,241.0,5954.171718750001,1902.967569444444
2026-02-03,Shed 3,88.3,11.0,19089.0,6720.0,30,8,15 pcs,35.2,224.0,5826.453125,1865.0369444444445
2026-02-03,Shed 4,86.1,9.0,19723.0,9510.0,17,11,1,48.22,317.0,5766.0884375000005,1885.4075
2026-03-03,Shed 1,83.5,23.0,18610.0,3780.0,4,5,1 pcs,20.31,126.0,5830.58328125,1896.2222222222222
2026-03-03,Shed 2,82.4,13.0,19455.0,3270.0,4,2,0,16.81,109.0,5954.171718750001,1902.967569444444
2026-03-03,Shed 3,88.4,17.0,19072.0,2760.0,30,0,2 pcs,14.47,92.0,5826.453125,1865.0369444444445
2026-03-03,Shed 4,86.2,15.0,19708.0,4710.0,10,3,1,23.9,157.0,5766.0884375000005,1885.4075
2026-04-03,Shed 1,83.6,3.0,18585.0,1350.0,11,6,2 pcs,7.26,45.0,5830.58328125,1896.2222222222222
2026-04-03,Shed 2,82.5,14.0,19441.0,990.0,8,2,0,5.09,33.0,5954.171718750001,1902.967569444444
2026-04-03,Shed 3,88.5,15.0,19057.0,600.0,10,3,2 pcs,3.15,20.0,5826.453125,1865.0369444444445
2026-04-03,Shed 4,86.3,20.0,19688.0,1680.0,7,0,1,8.53,56.0,5766.0884375000005,1885.4075
2026-05-03,Shed 1,83.7,14.0,18567.0,300.0,0,0,0,1.62,10.0,5830.58328125,1896.2222222222222
2026-05-03,Shed 2,82.6,14.0,19427.0,360.0,4,0,0,1.85,12.0,5954.171718750001,1902.967569444444
2026-05-03,Shed 3,88.6,30.0,19027.0,330.0,25,0,4 pcs,1.73,11.0,5826.453125,1865.0369444444445
2026-05-03,Shed 4,86.4,20.0,19668.0,600.0,10,2,0,3.05,20.0,5766.0884375000005,1885.4075
2026-06-03,Shed 1,84.1,26.0,18549.0,60.0,0,0,0,0.32,2.0,5830.58328125,1896.2222222222222
2026-06-03,Shed 2,82.7,11.0,19416.0,60.0,0,0,0,0.31,2.0,5954.171718750001,1902.967569444444
2026-06-03,Shed 3,88.7,23.0,19004.0,30.0,0,0,0,0.16,1.0,5826.453125,1865.0369444444445
2026-06-03,Shed 4,86.5,21.0,19647.0,90.0,0,0,0,0.46,3.0,5766.0884375000005,1885.4075
2026-07-03,Shed 1,84.2,23.0,18522.0,60.0,0,0,0,0.32,2.0,5830.58328125,1896.2222222222222
2026-07-03,Shed 2,83.1,13.0,19403.0,0.0,0,0,0,0.0,,5954.171718750001,1902.967569444444
2026-07-03,Shed 3,89.1,27.0,18977.0,0.0,0,0,0,0.0,,5826.453125,1865.0369444444445
2026-07-03,Shed 4,86.6,15.0,19632.0,0.0,0,0,0,0.0,,5766.0884375000005,1885.4075
2026-08-03,Shed 1,84.3,16.0,18500.0,0.0,0,0,0,0.0,,5830.58328125,1896.2222222222222
2026-08-03,Shed 2,83.2,21.0,19382.0,0.0,0,0,0,0.0,,5954.171718750001,1902.967569444444
2026-08-03,Shed 3,89.2,30.0,18947.0,0.0,0,0,0,0.0,,5826.453125,1865.0369444444445
2026-08-03,Shed 4,86.7,30.0,19602.0,0.0,0,0,0,0.0,,5766.0884375000005,1885.4075
2026-09-03,Shed 1,84.4,22.0,18470.0,0.0,0,0,0,0.0,,5830.58328125,1896.2222222222222
2026-09-03,Shed 2,83.3,17.0,19365.0,0.0,0,0,0,0.0,,5954.171718750001,1902.967569444444
2026-09-03,Shed 3,89.3,43.0,18904.0,0.0,0,0,0,0.0,,5826.453125,1865.0369444444445
2026-09-03,Shed 4,87.1,25.0,19577.0,0.0,0,0,0,0.0,,5766.0884375000005,1885.4075
2026-10-03,Shed 1,84.5,25.0,18449.0,0.0,0,0,0,0.0,,5830.58328125,1896.2222222222222
2026-10-03,Shed 2,83.4,31.0,19334.0,0.0,0,0,0,0.0,,5954.171718750001,1902.967569444444
2026-10-03,Shed 3,89.4,54.0,18850.0,0.0,0,0,0,0.0,,5826.453125,1865.0369444444445
2026-10-03,Shed 4,87.2,32.0,19545.0,0.0,0,0,0,0.0,,5766.0884375000005,1885.4075
2026-11-03,Shed 1,84.6,17.0,18437.0,0.0,0,0,0,0.0,,5830.58328125,1896.2222222222222
2026-11-03,Shed 2,83.5,19.0,19315.0,0.0,0,0,0,0.0,,5954.171718750001,1902.967569444444
2026-11-03,Shed 3,89.5,71.0,18779.0,0.0,0,0,0,0.0,,5826.453125,1865.0369444444445
2026-11-03,Shed 4,87.3,19.0,19526.0,0.0,0,0,0,0.0,,5766.0884375000005,1885.4075
2026-12-03,Shed 1,84.7,10.0,18411.0,0.0,0,0,0,0.0,,5830.58328125,1896.2222222222222
2026-12-03,Shed 2,83.6,15.0,19235.0,0.0,0,0,0,0.0,,5954.171718750001,1902.967569444444
2026-12-03,Shed 3,89.6,34.0,18775.0,0.0,0,0,0,0.0,,5826.453125,1865.0369444444445
2026-12-03,Shed 4,87.4,13.0,19513.0,0.0,0,0,0,0.0,,5766.0884375000005,1885.4075
2026-03-13,Shed 1,85.1,8.0,18379.0,0.0,0,0,0,0.0,,5830.58328125,1896.2222222222222
2026-03-13,Shed 2,83.7,7.0,19222.0,0.0,0,0,0,0.0,,5954.171718750001,1902.967569444444
2026-03-13,Shed 3,89.7,9.0,18729.0,0.0,0,0,0,0.0,,5826.453125,1865.0369444444445
2026-03-13,Shed 4,87.5,8.0,19505.0,0.0,0,0,0,0.0,,5766.0884375000005,1885.4075
2026-03-14,Shed 1,85.2,10.0,18347.0,0.0,0,0,0,0.0,,5830.58328125,1896.2222222222222
2026-03-14,Shed 2,84.1,8.0,19204.0,0.0,0,0,0,0.0,,5954.171718750001,1902.967569444444
2026-03-14,Shed 3,90.1,7.0,18709.0,0.0,0,0,0,0.0,,5826.453125,1865.0369444444445
2026-03-14,Shed 4,87.6,4.0,19501.0,0.0,0,0,0,0.0,,5766.0884375000005,1885.4075
2026-03-15,Shed 1,85.3,6.0,18319.0,0.0,0,0,0,0.0,,5830.58328125,1896.2222222222222
2026-03-15,Shed 2,84.2,6.0,19198.0,0.0,0,0,0,0.0,,5954.171718750001,1902.967569444444
2026-03-15,Shed 3,90.2,7.0,15261.0,0.0,0,0,0,0.0,,5826.453125,1865.0369444444445
2026-03-15,Shed 4,87.7,4.0,22945.0,0.0,0,0,0,0.0,,5766.0884375000005,1885.4075
2026-03-16,Shed 1,85.4,3.0,22697.0,0.0,0,0,0,0.0,,5830.58328125,1896.2222222222222
2026-03-16,Shed 2,84.3,8.0,19190.0,0.0,0,0,0,0.0,,5954.171718750001,1902.967569444444
2026-03-16,Shed 3,90.3,3.0,10843.0,0.0,0,0,0,0.0,,5826.453125,1865.0369444444445
2026-03-16,Shed 4,88.1,6.0,22939.0,0.0,0,0,0,0.0,,5766.0884375000005,1885.4075
2026-03-17,Shed 1,85.5,5.0,22660.0,0.0,0,0,0,0.0,,5830.58328125,1896.2222222222222
2026-03-17,Shed 2,84.4,9.0,22649.0,0.0,0,0,0,0.0,,5954.171718750001,1902.967569444444
2026-03-17,Shed 3,90.4,2.0,7375.0,0.0,0,0,0,0.0,,5826.453125,1865.0369444444445
2026-03-17,Shed 4,88.2,3.0,22936.0,0.0,0,0,0,0.0,,5766.0884375000005,1885.4075
2026-03-18,Shed 1,85.6,4.0,22636.0,30.0,0,0,0,0.13,1.0,5830.58328125,1896.2222222222222
2026-03-18,Shed 2,84.5,7.0,22642.0,30.0,0,0,0,0.13,1.0,5954.171718750001,1902.967569444444
2026-03-18,Shed 3,90.5,2.0,7375.0,0.0,0,0,0,0.0,,5826.453125,1865.0369444444445
2026-03-18,Shed 4,88.3,5.0,22931.0,30.0,0,0,0,0.13,1.0,5766.0884375000005,1885.4075
2026-03-19,Shed 1,85.7,5.0,22620.0,210.0,0,0,0,0.93,7.0,5830.58328125,1896.2222222222222
2026-03-19,Shed 2,84.6,2.0,22624.0,210.0,0,0,0,0.93,7.0,5954.171718750001,1902.967569444444
2026-03-19,Shed 3,90.6,0.0,7350.0,0.0,0,0,0,0.0,,5826.453125,1865.0369444444445
2026-03-19,Shed 4,88.4,7.0,22909.0,240.0,0,0,0,1.05,8.0,5766.0884375000005,1885.4075
2026-03-20,Shed 1,86.1,3.0,22617.0,480.0,0,0,01 pcs,2.12,16.0,5830.58328125,1896.2222222222222
2026-03-20,Shed 2,84.7,2.0,22617.0,810.0,0,0,06 pcs,3.58,27.0,5954.171718750001,1902.967569444444
2026-03-20,Shed 3,90.7,2.0,7350.0,30.0,0,0,0,0.41,1.0,5826.453125,1865.0369444444445
2026-03-20,Shed 4,88.5,8.0,22898.0,630.0,6,1,2 pcs,2.75,21.0,5766.0884375000005,1885.4075
2026-03-21,Shed 1,86.2,5.0,22612.0,1050.0,3,1,,4.64,35.0,5830.58328125,1896.2222222222222
2026-03-21,Shed 2,85.1,2.0,22615.0,1800.0,0,0,,7.96,60.0,5954.171718750001,1902.967569444444
2026-03-21,Shed 3,91.1,2.0,7350.0,60.0,0,0,0,0.82,2.0,5826.453125,1865.0369444444445
2026-03-21,Shed 4,88.6,9.0,22880.0,1080.0,,,,4.72,36.0,5766.0884375000005,1885.4075
2026-03-22,Shed 1,86.3,2.0,22610.0,1650.0,18,2,,7.3,55.0,5830.58328125,1896.2222222222222
2026-03-22,Shed 2,85.2,3.0,22612.0,3030.0,6,2,,13.4,101.0,5954.171718750001,1902.967569444444
2026-03-22,Shed 3,91.2,2.0,7350.0,120.0,8,2,0,1.63,4.0,5826.453125,1865.0369444444445
2026-03-22,Shed 4,88.7,6.0,22874.0,1860.0,14,3,0,8.13,62.0,5766.0884375000005,1885.4075
2026-03-23,Shed 1,86.4,4.0,22606.0,2220.0,13,3,4 pcs,9.82,74.0,5830.58328125,1896.2222222222222
2026-03-23,Shed 2,85.3,8.0,22604.0,4020.0,14,4,6 pcs,17.78,134.0,5954.171718750001,1902.967569444444
2026-03-23,Shed 3,91.3,2.0,7350.0,240.0,0,2,0,3.27,8.0,5826.453125,1865.0369444444445
2026-03-23,Shed 4,89.1,7.0,22867.0,2220.0,13,3,0,9.71,74.0,5766.0884375000005,1885.4075
2026-03-24,Shed 1,86.5,1.0,22605.0,3000.0,12,0,5 pcs,13.27,100.0,5830.58328125,1896.2222222222222
2026-03-24,Shed 2,85.4,2.0,22602.0,5310.0,20,9,15 pcs,23.49,177.0,5954.171718750001,1902.967569444444
2026-03-24,Shed 3,91.4,0.0,7350.0,330.0,3,2,0,4.49,11.0,5826.453125,1865.0369444444445
2026-03-24,Shed 4,89.2,1.0,22866.0,2850.0,14,2,0,12.46,95.0,5766.0884375000005,1885.4075
2026-03-25,Shed 1,86.6,2.0,22603.0,4320.0,25,5,10 pcs,19.11,144.0,5830.58328125,1896.2222222222222
2026-03-25,Shed 2,85.5,3.0,22599.0,6390.0,18,28,18 pcs,28.28,213.0,5954.171718750001,1902.967569444444
2026-03-25,Shed 3,91.5,0.0,7350.0,480.0,4,0,0,6.53,16.0,5826.453125,1865.0369444444445
2026-03-25,Shed 4,89.3,3.0,22863.0,4110.0,13,3,0,17.98,137.0,5766.0884375000005,1885.4075
2026-03-26,Shed 1,86.7,0.0,22603.0,6000.0,30,1,11 pcs,26.55,200.0,5830.58328125,1896.2222222222222
2026-03-26,Shed 2,85.6,3.0,22596.0,7500.0,8,3,16 pcs,33.19,250.0,5954.171718750001,1902.967569444444
2026-03-26,Shed 3,91.6,1.0,7350.0,720.0,19,3,0,9.8,24.0,5826.453125,1865.0369444444445
2026-03-26,Shed 4,89.4,3.0,22860.0,5070.0,22,3,6 pcs,22.18,169.0,5766.0884375000005,1885.4075
2026-03-27,Shed 1,87.1,3.0,22600.0,7440.0,36,2,1,32.92,248.0,5830.58328125,1896.2222222222222
2026-03-27,Shed 2,85.7,5.0,22591.0,8970.0,21,5,1,39.71,299.0,5954.171718750001,1902.967569444444
2026-03-27,Shed 3,91.7,0.0,7350.0,960.0,4,0,0,13.06,32.0,5826.453125,1865.0369444444445
2026-03-27,Shed 4,89.5,1.0,22859.0,6570.0,19,3,11 pcs,28.74,219.0,5766.0884375000005,1885.4075
2026-03-28,Shed 1,87.2,3.0,22597.0,9300.0,23,9,1,41.16,310.0,5830.58328125,1896.2222222222222
2026-03-28,Shed 2,86.1,5.0,22586.0,10110.0,24,6,1,44.76,337.0,5954.171718750001,1902.967569444444
2026-03-28,Shed 3,92.1,0.0,7350.0,1230.0,7,0,0,16.73,41.0,5826.453125,1865.0369444444445
2026-03-28,Shed 4,89.6,2.0,22857.0,8190.0,17,4,16 pcs,35.83,273.0,5766.0884375000005,1885.4075
2026-03-29,Shed 1,87.3,0.0,22597.0,11100.0,37,7,1,49.12,370.0,5830.58328125,1896.2222222222222
2026-03-29,Shed 2,86.2,3.0,22583.0,11190.0,8,4,1,49.55,373.0,5954.171718750001,1902.967569444444
2026-03-29,Shed 3,92.2,0.0,7350.0,1620.0,6,4,0,22.04,54.0,5826.453125,1865.0369444444445
2026-03-29,Shed 4,89.7,4.0,22853.0,10200.0,18,2,1,44.63,340.0,5766.0884375000005,1885.4075
2026-03-30,Shed 1,87.4,1.0,22596.0,12780.0,49,6,1,56.56,426.0,5830.58328125,1896.2222222222222
2026-03-30,Shed 2,86.3,1.0,22582.0,12030.0,10,3,1,53.27,401.0,5954.171718750001,1902.967569444444
2026-03-30,Shed 3,92.3,1.0,7350.0,2190.0,8,3,6 pcs,29.8,73.0,5826.453125,1865.0369444444445
2026-03-30,Shed 4,90.1,3.0,22850.0,11880.0,19,3,1,51.99,396.0,5766.0884375000005,1885.4075
2026-03-31,Shed 1,87.5,4.0,22592.0,13890.0,36,4,3,61.48,463.0,5830.58328125,1896.2222222222222
2026-03-31,Shed 2,86.4,3.0,22579.0,13170.0,17,5,1,58.33,439.0,5954.171718750001,1902.967569444444
2026-03-31,Shed 3,92.4,2.0,7350.0,2910.0,15,9,11 pcs,39.59,97.0,5826.453125,1865.0369444444445
2026-03-31,Shed 4,90.2,8.0,22842.0,13110.0,16,1,2,57.39,437.0,5766.0884375000005,1885.4075
2026-01-04,Shed 1,87.6,1.0,22591.0,14910.0,35,3,3,66.0,497.0,5830.58328125,1896.2222222222222
2026-01-04,Shed 2,86.5,6.0,22573.0,14100.0,25,5,2,62.46,470.0,5954.171718750001,1902.967569444444
2026-01-04,Shed 3,92.5,0.0,7350.0,3870.0,10,9,11 pcs,52.65,129.0,5826.453125,1865.0369444444445
2026-01-04,Shed 4,90.3,7.0,22835.0,13890.0,40,6,2,60.83,463.0,5766.0884375000005,1885.4075
2026-01-04,Shed 1,87.6,1.0,22591.0,14910.0,35,3,3,66.0,497.0,5830.58328125,1896.2222222222222
2026-01-04,Shed 2,86.5,6.0,22579.0,14100.0,25,5,2,62.45,470.0,5954.171718750001,1902.967569444444
2026-01-04,Shed 3,92.5,0.0,7350.0,3870.0,10,9,11 pcs,52.65,129.0,5826.453125,1865.0369444444445
2026-01-04,Shed 4,90.3,7.0,22835.0,13890.0,40,6,2,60.83,463.0,5766.0884375000005,1885.4075
2026-02-04,Shed 1,87.7,2.0,22589.0,15990.0,34,3,3,70.79,533.0,5830.58328125,1896.2222222222222
2026-02-04,Shed 2,86.6,5.0,22574.0,15180.0,14,9,2,67.25,506.0,5954.171718750001,1902.967569444444
2026-02-04,Shed 3,92.6,0.0,7350.0,4590.0,24,4,21 pcs,62.45,153.0,5826.453125,1865.0369444444445
2026-02-04,Shed 4,90.4,16.0,22819.0,13920.0,17,0,3,61.0,464.0,5766.0884375000005,1885.4075
2026-03-04,Shed 1,88.1,5.0,22584.0,15870.0,30,6,4,70.27,529.0,5830.58328125,1896.2222222222222
2026-03-04,Shed 2,86.7,8.0,22557.0,15060.0,15,5,3,66.76,502.0,5954.171718750001,1902.967569444444
2026-03-04,Shed 3,92.7,0.0,7350.0,1980.0,15,2,15 pcs,26.94,66.0,5826.453125,1865.0369444444445
2026-03-04,Shed 4,90.5,10.0,22809.0,13320.0,27,4,2,58.4,444.0,5766.0884375000005,1885.4075
2026-04-04,Shed 1,88.2,3.0,22581.0,16740.0,20,3,4,74.13,558.0,5830.58328125,1896.2222222222222
2026-04-04,Shed 2,87.1,1.0,22547.0,15960.0,18,7,4,70.79,532.0,5954.171718750001,1902.967569444444
2026-04-04,Shed 3,93.1,0.0,7350.0,3630.0,5,6,1,49.39,121.0,5826.453125,1865.0369444444445
2026-04-04,Shed 4,90.6,7.0,22802.0,13110.0,18,6,2,57.49,437.0,5766.0884375000005,1885.4075
2026-05-04,Shed 1,88.3,4.0,22577.0,16830.0,31,3,4,74.54,561.0,5830.58328125,1896.2222222222222
2026-05-04,Shed 2,87.2,12.0,22535.0,17190.0,15,5,4,76.28,573.0,5954.171718750001,1902.967569444444
2026-05-04,Shed 3,93.2,1.0,7349.0,5220.0,15,15,2,71.03,174.0,5826.453125,1865.0369444444445
2026-05-04,Shed 4,90.7,6.0,22796.0,13260.0,25,5,2,58.17,442.0,5766.0884375000005,1885.4075
2026-06-04,Shed 1,88.4,2.0,22575.0,16890.0,30,2,3,74.82,563.0,5830.58328125,1896.2222222222222
2026-06-04,Shed 2,87.3,5.0,22530.0,16500.0,15,2,2,73.24,550.0,5954.171718750001,1902.967569444444
2026-06-04,Shed 3,93.3,3.0,7346.0,5790.0,12,13,1,78.82,193.0,5826.453125,1865.0369444444445
2026-06-04,Shed 4,91.1,3.0,22793.0,12600.0,12,10,1,55.28,420.0,5766.0884375000005,1885.4075
2026-07-04,Shed 1,88.5,4.0,22571.0,16890.0,20,0,3,74.83,563.0,5830.58328125,1896.2222222222222
2026-07-04,Shed 2,87.4,4.0,22526.0,17070.0,14,2,2,75.78,569.0,5954.171718750001,1902.967569444444
2026-07-04,Shed 3,93.4,0.0,7346.0,5850.0,10,7,1,79.64,195.0,5826.453125,1865.0369444444445
2026-07-04,Shed 4,91.2,0.0,22793.0,12570.0,15,20,1,55.15,419.0,5766.0884375000005,1885.4075
2026-08-04,Shed 1,88.6,5.0,22566.0,17640.0,25,5,3,78.17,588.0,5830.58328125,1896.2222222222222
2026-08-04,Shed 2,87.5,8.0,22518.0,17340.0,30,2,2,77.01,578.0,5954.171718750001,1902.967569444444
2026-08-04,Shed 3,93.5,0.0,7346.0,6000.0,15,14,2,81.68,200.0,5826.453125,1865.0369444444445
2026-08-04,Shed 4,91.3,7.0,22786.0,14250.0,7,5,1,62.54,475.0,5766.0884375000005,1885.4075
2026-09-04,Shed 1,88.7,1.0,22565.0,17280.0,18,2,4,76.58,576.0,5830.58328125,1896.2222222222222
2026-09-04,Shed 2,87.6,3.0,22515.0,17460.0,17,7,2,77.55,582.0,5954.171718750001,1902.967569444444
2026-09-04,Shed 3,93.6,1.0,7345.0,5940.0,24,14,1,80.87,198.0,5826.453125,1865.0369444444445
2026-09-04,Shed 4,91.4,7.0,22779.0,13860.0,19,5,1,60.85,462.0,5766.0884375000005,1885.4075
2026-10-04,Shed 1,89.1,3.0,22562.0,17790.0,40,1,5,78.85,593.0,5830.58328125,1896.2222222222222
2026-10-04,Shed 2,87.7,2.0,22513.0,17910.0,14,7,2,79.55,597.0,5954.171718750001,1902.967569444444
2026-10-04,Shed 3,93.7,1.0,7344.0,5970.0,20,5,1,81.29,199.0,5826.453125,1865.0369444444445
2026-10-04,Shed 4,91.5,4.0,22775.0,16320.0,14,1,1,71.66,544.0,5766.0884375000005,1885.4075
2026-11-04,Shed 1,89.2,3.0,22559.0,18450.0,21,4,5,81.79,615.0,5830.58328125,1896.2222222222222
2026-11-04,Shed 2,88.1,6.0,22507.0,18660.0,20,4,2,82.91,622.0,5954.171718750001,1902.967569444444
2026-11-04,Shed 3,94.1,0.0,7344.0,6060.0,17,2,2,82.52,202.0,5826.453125,1865.0369444444445
2026-11-04,Shed 4,91.6,5.0,22770.0,17130.0,26,4,1,75.23,571.0,5766.0884375000005,1885.4075
2026-12-04,Shed 1,89.3,3.0,22556.0,18510.0,31,8,3,82.06,617.0,5830.58328125,1896.2222222222222
2026-12-04,Shed 2,88.2,2.0,22505.0,18900.0,20,4,2,83.98,630.0,5954.171718750001,1902.967569444444
2026-12-04,Shed 3,94.2,1.0,7343.0,6120.0,23,7,1,83.34,204.0,5826.453125,1865.0369444444445
2026-12-04,Shed 4,91.7,7.0,22763.0,18510.0,22,0,1,81.32,617.0,5766.0884375000005,1885.4075
2026-04-13,Shed 1,89.4,5.0,22551.0,18960.0,20,4,4,84.08,632.0,5830.58328125,1896.2222222222222
2026-04-13,Shed 2,88.3,5.0,22500.0,19230.0,13,0,3,85.47,641.0,5954.171718750001,1902.967569444444
2026-04-13,Shed 3,94.3,0.0,7343.0,6180.0,15,1,1,84.16,206.0,5826.453125,1865.0369444444445
2026-04-13,Shed 4,92.1,13.0,22750.0,18960.0,10,3,1,83.34,632.0,5766.0884375000005,1885.4075
2026-04-14,Shed 1,89.5,7.0,22544.0,19050.0,18,2,4,84.5,635.0,5830.58328125,1896.2222222222222
2026-04-14,Shed 2,88.4,6.0,22494.0,19230.0,15,4,3,85.49,641.0,5954.171718750001,1902.967569444444
2026-04-14,Shed 3,94.4,0.0,7343.0,6210.0,14,3,1,84.57,207.0,5826.453125,1865.0369444444445
2026-04-14,Shed 4,92.2,7.0,22743.0,19200.0,28,1,3,84.42,640.0,5766.0884375000005,1885.4075
2026-04-15,Shed 1,89.6,7.0,22537.0,19320.0,20,4,4,85.73,644.0,5830.58328125,1896.2222222222222
2026-04-15,Shed 2,88.5,5.0,22489.0,19560.0,16,6,4,86.98,652.0,5954.171718750001,1902.967569444444
2026-04-15,Shed 3,94.5,1.0,7342.0,6270.0,17,1,2,85.4,209.0,5826.453125,1865.0369444444445
2026-04-15,Shed 4,92.3,9.0,22734.0,19770.0,21,3,3,86.96,659.0,5766.0884375000005,1885.4075
2026-04-16,Shed 1,89.7,3.0,22534.0,19080.0,27,2,5,84.67,636.0,5830.58328125,1896.2222222222222
2026-04-16,Shed 2,88.6,3.0,22486.0,19590.0,12,6,4,87.12,653.0,5954.171718750001,1902.967569444444
2026-04-16,Shed 3,94.6,0.0,7342.0,6150.0,16,6,2,83.76,205.0,5826.453125,1865.0369444444445
2026-04-16,Shed 4,92.4,6.0,22728.0,19440.0,28,11,6,85.53,648.0,5766.0884375000005,1885.4075
2026-04-17,Shed 1,90.1,4.0,22530.0,19110.0,24,6,6,84.82,637.0,5830.58328125,1896.2222222222222
2026-04-17,Shed 2,88.7,6.0,22480.0,19560.0,24,3,5,87.01,652.0,5954.171718750001,1902.967569444444
2026-04-17,Shed 3,94.7,0.0,7342.0,6240.0,19,4,3,84.99,208.0,5826.453125,1865.0369444444445
2026-04-17,Shed 4,92.5,4.0,22724.0,19410.0,19,4,2,85.42,647.0,5766.0884375000005,1885.4075
2026-04-18,Shed 1,90.2,5.0,22525.0,19410.0,24,8,5,86.17,647.0,5830.58328125,1896.2222222222222
2026-04-18,Shed 2,89.1,7.0,22473.0,19650.0,35,2,4,87.44,655.0,5954.171718750001,1902.967569444444
2026-04-18,Shed 3,95.1,1.0,7341.0,6240.0,19,2,2,85.0,208.0,5826.453125,1865.0369444444445
2026-04-18,Shed 4,92.6,1.0,22723.0,19440.0,5,2,2,85.55,648.0,5766.0884375000005,1885.4075
2026-04-19,Shed 1,90.3,2.0,22523.0,19080.0,34,3,5,84.71,636.0,5830.58328125,1896.2222222222222
2026-04-19,Shed 2,89.2,4.0,22469.0,19200.0,12,3,5,85.45,640.0,5954.171718750001,1902.967569444444
2026-04-19,Shed 3,95.2,3.0,7338.0,6240.0,26,0,2,85.04,208.0,5826.453125,1865.0369444444445
2026-04-19,Shed 4,92.7,2.0,22721.0,19800.0,11,4,2,87.14,660.0,5766.0884375000005,1885.4075
2026-04-20,Shed 1,90.4,1.0,22522.0,19530.0,17,8,5,86.72,651.0,5830.58328125,1896.2222222222222
2026-04-20,Shed 2,89.3,1.0,22468.0,19500.0,13,6,3,86.79,650.0,5954.171718750001,1902.967569444444
2026-04-20,Shed 3,95.3,1.0,7337.0,6330.0,15,3,2,86.28,211.0,5826.453125,1865.0369444444445
2026-04-20,Shed 4,93.1,5.0,22716.0,19710.0,5,0,3,86.77,657.0,5766.0884375000005,1885.4075
2026-04-21,Shed 1,90.5,2.0,22520.0,19530.0,30,5,5,86.72,651.0,5830.58328125,1896.2222222222222
2026-04-21,Shed 2,89.4,3.0,22465.0,19710.0,17,3,3,87.74,657.0,5954.171718750001,1902.967569444444
2026-04-21,Shed 3,95.4,3.0,7334.0,6240.0,28,4,3,85.08,208.0,5826.453125,1865.0369444444445
2026-04-21,Shed 4,93.2,5.0,22711.0,19590.0,13,5,4,86.26,653.0,5766.0884375000005,1885.4075
2026-04-22,Shed 1,90.6,2.0,22518.0,19650.0,32,4,6,87.26,655.0,5830.58328125,1896.2222222222222
2026-04-22,Shed 2,89.5,5.0,22460.0,19830.0,28,4,3,88.29,661.0,5954.171718750001,1902.967569444444
2026-04-22,Shed 3,95.5,0.0,7334.0,6330.0,23,3,3,86.31,211.0,5826.453125,1865.0369444444445
2026-04-22,Shed 4,93.3,8.0,22703.0,19680.0,16,0,4,86.68,656.0,5766.0884375000005,1885.4075
2026-04-23,Shed 1,90.7,7.0,22511.0,19800.0,28,5,7,87.96,660.0,5830.58328125,1896.2222222222222
2026-04-23,Shed 2,89.6,3.0,22457.0,20010.0,23,5,3,89.1,667.0,5954.171718750001,1902.967569444444
2026-04-23,Shed 3,95.6,3.0,7331.0,6420.0,28,2,3,87.57,214.0,5826.453125,1865.0369444444445
2026-04-23,Shed 4,93.4,3.0,22700.0,19980.0,17,3,3,88.02,666.0,5766.0884375000005,1885.4075
2026-04-24,Shed 1,91.1,3.0,22508.0,19710.0,26,4,7,87.57,657.0,5830.58328125,1896.2222222222222
2026-04-24,Shed 2,89.7,4.0,22453.0,19680.0,18,4,4,87.65,656.0,5954.171718750001,1902.967569444444
2026-04-24,Shed 3,95.7,1.0,7330.0,6210.0,17,3,3,84.72,207.0,5826.453125,1865.0369444444445
2026-04-24,Shed 4,93.5,3.0,22697.0,19440.0,24,2,4,85.65,648.0,5766.0884375000005,1885.4075
2026-04-25,Shed 1,91.2,5.0,22503.0,19650.0,32,3,8,87.32,655.0,5830.58328125,1896.2222222222222
2026-04-25,Shed 2,90.1,2.0,22451.0,19800.0,16,4,6,88.19,660.0,5954.171718750001,1902.967569444444
2026-04-25,Shed 3,96.1,0.0,7330.0,6420.0,29,1,3,87.59,214.0,5826.453125,1865.0369444444445
2026-04-25,Shed 4,93.6,4.0,22693.0,19110.0,19,3,5,84.21,637.0,5766.0884375000005,1885.4075
2026-04-26,Shed 1,91.3,3.0,22500.0,19530.0,31,7,7,86.8,651.0,5830.58328125,1896.2222222222222
2026-04-26,Shed 2,90.2,5.0,22446.0,19800.0,30,6,6,88.21,660.0,5954.171718750001,1902.967569444444
2026-04-26,Shed 3,96.2,3.0,7327.0,6210.0,28,2,4,84.76,207.0,5826.453125,1865.0369444444445
2026-04-26,Shed 4,93.7,6.0,22687.0,19110.0,36,4,5,84.23,637.0,5766.0884375000005,1885.4075
2026-04-27,Shed 1,91.4,6.0,22494.0,19650.0,37,2,8,87.36,655.0,5830.58328125,1896.2222222222222
2026-04-27,Shed 2,90.3,9.0,22437.0,20040.0,28,4,6,89.32,668.0,5954.171718750001,1902.967569444444
2026-04-27,Shed 3,96.3,0.0,7327.0,6420.0,29,1,4,87.62,214.0,5826.453125,1865.0369444444445
2026-04-27,Shed 4,94.1,7.0,22680.0,19470.0,10,8,4,85.85,649.0,5766.0884375000005,1885.4075
2026-04-28,Shed 1,91.5,9.0,22485.0,19560.0,31,9,9,86.99,652.0,5830.58328125,1896.2222222222222
2026-04-28,Shed 2,90.4,2.0,22435.0,19770.0,18,6,5,88.12,659.0,5954.171718750001,1902.967569444444
2026-04-28,Shed 3,96.4,0.0,7327.0,6330.0,29,1,3,86.39,211.0,5826.453125,1865.0369444444445
2026-04-28,Shed 4,94.2,4.0,22676.0,19140.0,11,1,4,84.41,638.0,5766.0884375000005,1885.4075
2026-04-29,Shed 1,91.6,1.0,22484.0,19560.0,29,12,6,87.0,652.0,5830.58328125,1896.2222222222222
2026-04-29,Shed 2,90.5,3.0,22432.0,19890.0,24,5,4,88.67,663.0,5954.171718750001,1902.967569444444
2026-04-29,Shed 3,96.5,1.0,7326.0,6300.0,27,3,4,86.0,210.0,5826.453125,1865.0369444444445
2026-04-29,Shed 4,94.3,7.0,22669.0,19020.0,8,6,2,83.9,634.0,5766.0884375000005,1885.4075
2026-04-29,Shed 1,91.6,1.0,22483.0,19560.0,29,12,6,87.0,652.0,5830.58328125,1896.2222222222222
2026-04-29,Shed 2,90.5,3.0,22429.0,19890.0,24,5,4,88.68,663.0,5954.171718750001,1902.967569444444
2026-04-29,Shed 3,96.5,1.0,7325.0,6300.0,27,3,4,86.01,210.0,5826.453125,1865.0369444444445
2026-04-29,Shed 4,94.3,7.0,22662.0,19020.0,8,6,2,83.93,634.0,5766.0884375000005,1885.4075
2026-04-30,Shed 1,91.7,7.0,22476.0,19440.0,8,7,7,86.49,648.0,5830.58328125,1896.2222222222222
2026-04-30,Shed 2,90.6,4.0,22425.0,19950.0,18,4,5,88.96,665.0,5954.171718750001,1902.967569444444
2026-04-30,Shed 3,96.6,0.0,7325.0,6330.0,23,3,5,86.42,211.0,5826.453125,1865.0369444444445
2026-04-30,Shed 4,94.4,4.0,22658.0,19260.0,21,10,4,85.0,642.0,5766.0884375000005,1885.4075
2026-01-05,Shed 1,92.1,3.0,22473.0,19530.0,29,12,5,86.9,651.0,5830.58328125,1896.2222222222222
2026-01-05,Shed 2,90.7,6.0,22419.0,19890.0,30,13,5,88.72,663.0,5954.171718750001,1902.967569444444
2026-01-05,Shed 3,96.7,2.0,7323.0,6300.0,14,4,3,86.03,210.0,5826.453125,1865.0369444444445
2026-01-05,Shed 4,94.5,4.0,22654.0,19350.0,11,10,4,85.42,645.0,5766.0884375000005,1885.4075
2026-02-05,Shed 1,92.3,6.0,22467.0,19770.0,28,10,6,88.0,659.0,5830.58328125,1896.2222222222222
2026-02-05,Shed 2,91.1,4.0,22415.0,19860.0,17,6,6,88.6,662.0,5954.171718750001,1902.967569444444
2026-02-05,Shed 3,97.1,1.0,7322.0,6360.0,26,2,2,86.86,212.0,5826.453125,1865.0369444444445
2026-02-05,Shed 4,94.6,3.0,22651.0,19710.0,12,4,3,87.02,657.0,5766.0884375000005,1885.4075
2026-03-05,Shed 1,92.4,0.0,22467.0,19650.0,26,9,4,87.46,655.0,5830.58328125,1896.2222222222222
2026-03-05,Shed 2,91.2,2.0,22413.0,20100.0,14,6,7,89.68,670.0,5954.171718750001,1902.967569444444
2026-03-05,Shed 3,97.2,1.0,7321.0,6420.0,19,2,4,87.69,214.0,5826.453125,1865.0369444444445
2026-03-05,Shed 4,94.7,5.0,22646.0,19350.0,14,6,4,85.45,645.0,5766.0884375000005,1885.4075
2026-04-05,Shed 1,92.5,5.0,22462.0,19710.0,28,9,7,87.75,657.0,5830.58328125,1896.2222222222222
2026-04-05,Shed 2,91.3,3.0,22410.0,19620.0,31,14,6,87.55,654.0,5954.171718750001,1902.967569444444
2026-04-05,Shed 3,97.3,3.0,7318.0,6420.0,15,1,3,87.73,214.0,5826.453125,1865.0369444444445
2026-04-05,Shed 4,95.1,10.0,22636.0,19530.0,25,6,4,86.28,651.0,5766.0884375000005,1885.4075
2026-05-05,Shed 1,92.6,2.0,22460.0,19530.0,27,7,5,86.95,651.0,5830.58328125,1896.2222222222222
2026-05-05,Shed 2,91.4,1.0,22409.0,19710.0,16,6,5,87.96,657.0,5954.171718750001,1902.967569444444
2026-05-05,Shed 3,97.4,0.0,7318.0,6420.0,14,5,4,87.73,214.0,5826.453125,1865.0369444444445
2026-05-05,Shed 4,95.2,4.0,22632.0,18930.0,21,8,4,83.64,631.0,5766.0884375000005,1885.4075
2026-06-05,Shed 1,92.7,7.0,22453.0,19320.0,32,8,4,86.05,644.0,5830.58328125,1896.2222222222222
2026-06-05,Shed 2,91.5,1.0,22408.0,19260.0,38,14,4,85.95,642.0,5954.171718750001,1902.967569444444
2026-06-05,Shed 3,97.5,1.0,7317.0,6360.0,24,4,3,86.92,212.0,5826.453125,1865.0369444444445
2026-06-05,Shed 4,95.3,5.0,22627.0,18900.0,18,1,3,83.53,630.0,5766.0884375000005,1885.4075
2026-07-05,Shed 1,93.1,3.0,22450.0,19140.0,32,9,5,85.26,638.0,5830.58328125,1896.2222222222222
2026-07-05,Shed 2,91.6,6.0,22402.0,19380.0,20,9,3,86.51,646.0,5954.171718750001,1902.967569444444
2026-07-05,Shed 3,97.6,1.0,7316.0,6270.0,26,5,2,85.7,209.0,5826.453125,1865.0369444444445
2026-07-05,Shed 4,95.4,6.0,22621.0,18900.0,28,4,3,83.55,630.0,5766.0884375000005,1885.4075
2026-08-05,Shed 1,93.2,3.0,22447.0,18990.0,27,10,4,84.6,633.0,5830.58328125,1896.2222222222222
2026-08-05,Shed 2,91.7,5.0,22397.0,19050.0,25,5,3,85.06,635.0,5954.171718750001,1902.967569444444
2026-08-05,Shed 3,97.7,0.0,7316.0,6240.0,26,4,2,85.29,208.0,5826.453125,1865.0369444444445
2026-08-05,Shed 4,95.5,4.0,22617.0,19020.0,23,6,3,84.1,634.0,5766.0884375000005,1885.4075
2026-09-05,Shed 1,93.3,5.0,22442.0,19230.0,25,5,4,85.69,641.0,5830.58328125,1896.2222222222222
2026-09-05,Shed 2,92.1,4.0,22393.0,19260.0,28,5,3,86.01,642.0,5954.171718750001,1902.967569444444
2026-09-05,Shed 3,98.1,2.0,7314.0,6300.0,29,1,2,86.14,210.0,5826.453125,1865.0369444444445
2026-09-05,Shed 4,95.6,4.0,22613.0,18870.0,13,4,3,83.45,629.0,5766.0884375000005,1885.4075
2026-10-05,Shed 1,93.4,3.0,22439.0,19260.0,23,5,3,85.83,642.0,5830.58328125,1896.2222222222222
2026-10-05,Shed 2,92.2,3.0,22390.0,19470.0,40,7,3,86.96,649.0,5954.171718750001,1902.967569444444
2026-10-05,Shed 3,98.2,2.0,7312.0,6360.0,28,1,2,86.98,212.0,5826.453125,1865.0369444444445
2026-10-05,Shed 4,95.7,3.0,22610.0,18930.0,13,10,3,83.72,631.0,5766.0884375000005,1885.4075
2026-11-05,Shed 1,93.5,0.0,22439.0,19470.0,26,6,4,86.77,649.0,5830.58328125,1896.2222222222222
2026-11-05,Shed 2,92.3,6.0,22384.0,19470.0,27,7,3,86.98,649.0,5954.171718750001,1902.967569444444
2026-11-05,Shed 3,98.3,0.0,7312.0,6330.0,27,3,2,86.57,211.0,5826.453125,1865.0369444444445
2026-11-05,Shed 4,96.1,4.0,22606.0,19020.0,13,4,3,84.14,634.0,5766.0884375000005,1885.4075
2026-12-05,Shed 1,93.6,4.0,22435.0,19320.0,28,6,4,86.12,644.0,5830.58328125,1896.2222222222222
2026-12-05,Shed 2,92.4,5.0,22379.0,19200.0,17,14,3,85.79,640.0,5954.171718750001,1902.967569444444
2026-12-05,Shed 3,98.4,1.0,7311.0,6330.0,28,2,3,86.58,211.0,5826.453125,1865.0369444444445
2026-12-05,Shed 4,96.2,13.0,22593.0,18390.0,19,4,3,81.4,613.0,5766.0884375000005,1885.4075
2026-05-13,Shed 1,93.7,5.0,22430.0,19200.0,25,11,4,85.6,640.0,5830.58328125,1896.2222222222222
2026-05-13,Shed 2,92.5,3.0,22376.0,19020.0,27,5,4,85.0,634.0,5954.171718750001,1902.967569444444
2026-05-13,Shed 3,98.5,1.0,7310.0,6300.0,25,4,2,86.18,210.0,5826.453125,1865.0369444444445
2026-05-13,Shed 4,96.3,10.0,22583.0,18930.0,12,6,3,83.82,631.0,5766.0884375000005,1885.4075
2026-05-14,Shed 1,94.1,0.0,22430.0,18900.0,18,12,5,84.26,630.0,5830.58328125,1896.2222222222222
2026-05-14,Shed 2,92.6,7.0,22369.0,18930.0,29,3,4,84.63,631.0,5954.171718750001,1902.967569444444
2026-05-14,Shed 3,98.6,1.0,7309.0,6150.0,20,4,2,84.14,205.0,5826.453125,1865.0369444444445
2026-05-14,Shed 4,96.4,2.0,22581.0,18540.0,22,8,3,82.1,618.0,5766.0884375000005,1885.4075
2026-05-15,Shed 1,94.2,3.0,22427.0,18990.0,32,6,3,84.67,633.0,5830.58328125,1896.2222222222222
2026-05-15,Shed 2,92.7,2.0,22367.0,18780.0,17,3,2,83.96,626.0,5954.171718750001,1902.967569444444
2026-05-15,Shed 3,98.7,1.0,7308.0,6180.0,24,5,2,84.56,206.0,5826.453125,1865.0369444444445
2026-05-15,Shed 4,96.5,6.0,22575.0,18420.0,15,12,3,81.59,614.0,5766.0884375000005,1885.4075
2026-05-16,Shed 1,94.3,4.0,22423.0,18510.0,40,7,4,82.55,617.0,5830.58328125,1896.2222222222222
2026-05-16,Shed 2,93.1,0.0,22367.0,18750.0,16,10,2,83.83,625.0,5954.171718750001,1902.967569444444
2026-05-16,Shed 3,99.1,3.0,7305.0,6120.0,35,2,2,83.78,204.0,5826.453125,1865.0369444444445
2026-05-16,Shed 4,96.6,8.0,22567.0,18390.0,18,8,2,81.49,613.0,5766.0884375000005,1885.4075
2026-05-17,Shed 1,94.4,5.0,22418.0,18690.0,25,6,3,83.37,623.0,5830.58328125,1896.2222222222222
2026-05-17,Shed 2,93.2,3.0,22364.0,19020.0,32,6,2,85.05,634.0,5954.171718750001,1902.967569444444
2026-05-17,Shed 3,99.2,2.0,7303.0,6300.0,24,1,2,86.27,210.0,5826.453125,1865.0369444444445
2026-05-17,Shed 4,96.7,3.0,22564.0,18690.0,12,1,2,82.83,623.0,5766.0884375000005,1885.4075
2026-05-18,Shed 1,94.5,4.0,22414.0,19200.0,30,13,3,85.66,640.0,5830.58328125,1896.2222222222222
2026-05-18,Shed 2,93.3,4.0,22360.0,19530.0,20,6,2,87.34,651.0,5954.171718750001,1902.967569444444
2026-05-18,Shed 3,99.3,2.0,7301.0,6240.0,25,5,2,85.47,208.0,5826.453125,1865.0369444444445
2026-05-18,Shed 4,97.1,12.0,22552.0,19350.0,8,2,3,85.8,645.0,5766.0884375000005,1885.4075
2026-05-19,Shed 1,94.6,10.0,22404.0,19500.0,30,9,4,87.04,650.0,5830.58328125,1896.2222222222222
2026-05-19,Shed 2,93.4,3.0,22357.0,19410.0,25,6,2,86.82,647.0,5954.171718750001,1902.967569444444
2026-05-19,Shed 3,99.4,2.0,7299.0,6270.0,25,5,2,85.9,209.0,5826.453125,1865.0369444444445
2026-05-19,Shed 4,97.2,9.0,22543.0,19410.0,16,3,3,86.1,647.0,5766.0884375000005,1885.4075
2026-05-20,Shed 1,94.7,4.0,22400.0,19380.0,38,6,5,86.52,646.0,5830.58328125,1896.2222222222222
2026-05-20,Shed 2,93.5,3.0,22354.0,19470.0,27,8,3,87.1,649.0,5954.171718750001,1902.967569444444
2026-05-20,Shed 3,99.5,3.0,7296.0,6240.0,22,3,2,85.53,208.0,5826.453125,1865.0369444444445
2026-05-20,Shed 4,97.3,5.0,22538.0,19080.0,11,7,4,84.66,636.0,5766.0884375000005,1885.4075
2026-05-21,Shed 1,95.1,5.0,22395.0,19500.0,28,8,7,87.07,650.0,5830.58328125,1896.2222222222222
2026-05-21,Shed 2,93.6,6.0,22348.0,19560.0,18,9,4,87.52,652.0,5954.171718750001,1902.967569444444
2026-05-21,Shed 3,99.6,0.0,7296.0,6090.0,23,2,2,83.47,203.0,5826.453125,1865.0369444444445
2026-05-21,Shed 4,97.4,3.0,22535.0,19320.0,28,5,6,85.73,644.0,5766.0884375000005,1885.4075
2026-05-22,Shed 1,95.2,2.0,22393.0,19140.0,30,11,8,85.47,638.0,5830.58328125,1896.2222222222222
2026-05-22,Shed 2,93.7,2.0,22346.0,19020.0,29,5,5,85.12,634.0,5954.171718750001,1902.967569444444
2026-05-22,Shed 3,99.7,0.0,7296.0,6120.0,19,5,2,83.88,204.0,5826.453125,1865.0369444444445
2026-05-22,Shed 4,97.5,4.0,22531.0,18810.0,26,7,5,83.48,627.0,5766.0884375000005,1885.4075
2026-05-23,Shed 1,95.3,2.0,22391.0,19140.0,31,18,10,85.48,638.0,5830.58328125,1896.2222222222222
2026-05-23,Shed 2,94.1,3.0,22343.0,18810.0,10,9,6,84.19,627.0,5954.171718750001,1902.967569444444
2026-05-23,Shed 3,100.1,0.0,7296.0,6150.0,25,5,2,84.29,205.0,5826.453125,1865.0369444444445
2026-05-23,Shed 4,97.6,4.0,22527.0,18900.0,15,9,9,83.9,630.0,5766.0884375000005,1885.4075
2026-05-24,Shed 1,95.3,3.0,22388.0,18600.0,28,10,8,83.08,620.0,5830.58328125,1896.2222222222222
2026-05-24,Shed 2,94.2,7.0,22336.0,18600.0,26,5,4,83.27,620.0,5954.171718750001,1902.967569444444
2026-05-24,Shed 3,100.2,0.0,7296.0,6090.0,28,1,2,83.47,203.0,5826.453125,1865.0369444444445
2026-05-24,Shed 4,97.7,4.0,22523.0,18420.0,12,4,6,81.78,614.0,5766.0884375000005,1885.4075
2026-05-25,Shed 1,95.4,6.0,22382.0,18630.0,25,10,6,83.24,621.0,5830.58328125,1896.2222222222222
2026-05-25,Shed 2,94.3,4.0,22332.0,18780.0,17,8,3,84.09,626.0,5954.171718750001,1902.967569444444
2026-05-25,Shed 3,100.3,2.0,7294.0,6060.0,21,7,2,83.08,202.0,5826.453125,1865.0369444444445
2026-05-25,Shed 4,98.1,4.0,22519.0,18900.0,26,2,5,83.93,630.0,5766.0884375000005,1885.4075
2026-05-26,Shed 1,95.5,6.0,22376.0,18930.0,24,5,4,84.6,631.0,5830.58328125,1896.2222222222222
2026-05-26,Shed 2,94.4,4.0,22328.0,18810.0,25,8,2,84.24,627.0,5954.171718750001,1902.967569444444
2026-05-26,Shed 3,100.4,1.0,7293.0,6180.0,27,0,1,84.74,206.0,5826.453125,1865.0369444444445
2026-05-26,Shed 4,98.2,6.0,22513.0,19080.0,17,3,2,84.75,636.0,5766.0884375000005,1885.4075
2026-05-27,Shed 1,95.6,1.0,22375.0,18780.0,20,9,3,83.93,626.0,5830.58328125,1896.2222222222222
2026-05-27,Shed 2,94.5,2.0,22326.0,18870.0,17,5,2,84.52,629.0,5954.171718750001,1902.967569444444
2026-05-27,Shed 3,100.5,0.0,7293.0,6150.0,20,1,1,84.33,205.0,5826.453125,1865.0369444444445
2026-05-27,Shed 4,98.3,7.0,22506.0,19110.0,30,3,2,84.91,637.0,5766.0884375000005,1885.4075
2026-05-28,Shed 1,95.7,2.0,22373.0,19110.0,31,7,3,85.42,637.0,5830.58328125,1896.2222222222222
2026-05-28,Shed 2,94.6,4.0,22322.0,19110.0,17,7,2,85.61,637.0,5954.171718750001,1902.967569444444
2026-05-28,Shed 3,100.6,3.0,7290.0,6300.0,19,3,2,86.42,210.0,5826.453125,1865.0369444444445
2026-05-28,Shed 4,98.4,7.0,22499.0,19140.0,18,3,2,85.07,638.0,5766.0884375000005,1885.4075
2026-05-29,Shed 1,96.1,6.0,22367.0,19020.0,30,6,4,85.04,634.0,5830.58328125,1896.2222222222222
2026-05-29,Shed 2,94.7,4.0,22318.0,18930.0,26,7,4,84.82,631.0,5954.171718750001,1902.967569444444
2026-05-29,Shed 3,100.7,4.0,7286.0,6210.0,16,4,2,85.23,207.0,5826.453125,1865.0369444444445
2026-05-29,Shed 4,98.5,5.0,22494.0,19110.0,12,2,3,84.96,637.0,5766.0884375000005,1885.4075
2026-05-30,Shed 1,96.2,3.0,22364.0,18390.0,35,3,6,82.23,613.0,5830.58328125,1896.2222222222222
2026-05-30,Shed 2,95.1,4.0,22314.0,18390.0,17,6,5,82.41,613.0,5954.171718750001,1902.967569444444
2026-05-30,Shed 3,101.1,2.0,7284.0,6120.0,24,3,2,84.02,204.0,5826.453125,1865.0369444444445
2026-05-30,Shed 4,98.6,5.0,22489.0,19020.0,8,4,4,84.57,634.0,5766.0884375000005,1885.4075
2026-05-31,Shed 1,96.3,5.0,22359.0,18990.0,30,6,6,84.93,633.0,5830.58328125,1896.2222222222222
2026-05-31,Shed 2,95.2,7.0,22307.0,19110.0,25,13,5,85.67,637.0,5954.171718750001,1902.967569444444
2026-05-31,Shed 3,101.2,1.0,7283.0,6240.0,25,6,2,85.68,208.0,5826.453125,1865.0369444444445
2026-05-31,Shed 4,98.7,6.0,22483.0,19140.0,29,12,6,85.13,638.0,5766.0884375000005,1885.4075
2026-01-06,Shed 1,96.4,9.0,22350.0,18780.0,15,6,6,84.03,626.0,5830.58328125,1896.2222222222222
2026-01-06,Shed 2,95.3,4.0,22303.0,18690.0,22,12,4,83.8,623.0,5954.171718750001,1902.967569444444
2026-01-06,Shed 3,101.3,2.0,7281.0,6090.0,16,8,2,83.64,203.0,5826.453125,1865.0369444444445
2026-01-06,Shed 4,99.1,5.0,22478.0,18930.0,20,5,4,84.22,631.0,5766.0884375000005,1885.4075
2026-02-06,Shed 1,96.5,7.0,22343.0,18750.0,28,6,5,83.92,625.0,5830.58328125,1896.2222222222222
2026-02-06,Shed 2,95.4,5.0,22298.0,18750.0,26,8,2,84.09,625.0,5954.171718750001,1902.967569444444
2026-02-06,Shed 3,101.4,1.0,7280.0,6060.0,17,9,2,83.24,202.0,5826.453125,1865.0369444444445
2026-02-06,Shed 4,99.2,3.0,22475.0,18840.0,30,16,4,83.83,628.0,5766.0884375000005,1885.4075
2026-03-06,Shed 1,96.6,12.0,22331.0,18930.0,23,7,4,84.77,631.0,5830.58328125,1896.2222222222222
2026-03-06,Shed 2,95.5,6.0,22292.0,18750.0,40,13,2,84.11,625.0,5954.171718750001,1902.967569444444
2026-03-06,Shed 3,101.5,2.0,7278.0,6030.0,18,3,2,82.85,201.0,5826.453125,1865.0369444444445
2026-03-06,Shed 4,99.3,5.0,22470.0,19110.0,10,24,3,85.05,637.0,5766.0884375000005,1885.4075
2026-04-06,Shed 1,96.7,6.0,22325.0,19020.0,28,11,4,85.2,634.0,5830.58328125,1896.2222222222222
2026-04-06,Shed 2,95.6,6.0,22286.0,18930.0,18,12,2,84.94,631.0,5954.171718750001,1902.967569444444
2026-04-06,Shed 3,101.6,0.0,7278.0,6090.0,6,2,2,83.68,203.0,5826.453125,1865.0369444444445
2026-04-06,Shed 4,99.4,5.0,22465.0,18930.0,15,30,3,84.26,631.0,5766.0884375000005,1885.4075
2026-05-06,Shed 1,97.1,4.0,22321.0,18810.0,16,6,3,84.27,627.0,5830.58328125,1896.2222222222222
2026-05-06,Shed 2,95.7,5.0,22281.0,18900.0,20,18,2,84.83,630.0,5954.171718750001,1902.967569444444
2026-05-06,Shed 3,101.7,0.0,7278.0,6030.0,12,8,1,82.85,201.0,5826.453125,1865.0369444444445
2026-05-06,Shed 4,99.5,2.0,22463.0,18750.0,28,15,2,83.47,625.0,5766.0884375000005,1885.4075
